-- MySQL dump 10.13  Distrib 8.0.23, for Linux (x86_64)
--
-- Host: localhost    Database: vk
-- ------------------------------------------------------
-- Server version	8.0.23-0ubuntu0.20.04.1

/*!40101 SET @OLD_CHARACTER_SET_CLIENT=@@CHARACTER_SET_CLIENT */;
/*!40101 SET @OLD_CHARACTER_SET_RESULTS=@@CHARACTER_SET_RESULTS */;
/*!40101 SET @OLD_COLLATION_CONNECTION=@@COLLATION_CONNECTION */;
/*!50503 SET NAMES utf8mb4 */;
/*!40103 SET @OLD_TIME_ZONE=@@TIME_ZONE */;
/*!40103 SET TIME_ZONE='+00:00' */;
/*!40014 SET @OLD_UNIQUE_CHECKS=@@UNIQUE_CHECKS, UNIQUE_CHECKS=0 */;
/*!40014 SET @OLD_FOREIGN_KEY_CHECKS=@@FOREIGN_KEY_CHECKS, FOREIGN_KEY_CHECKS=0 */;
/*!40101 SET @OLD_SQL_MODE=@@SQL_MODE, SQL_MODE='NO_AUTO_VALUE_ON_ZERO' */;
/*!40111 SET @OLD_SQL_NOTES=@@SQL_NOTES, SQL_NOTES=0 */;

--
-- Table structure for table `communities`
--

DROP TABLE IF EXISTS `communities`;
/*!40101 SET @saved_cs_client     = @@character_set_client */;
/*!50503 SET character_set_client = utf8mb4 */;
CREATE TABLE `communities` (
  `id` int unsigned NOT NULL AUTO_INCREMENT COMMENT 'Идентификатор сроки',
  `name` varchar(150) NOT NULL COMMENT 'Название группы',
  `created_at` datetime DEFAULT CURRENT_TIMESTAMP COMMENT 'Время создания строки',
  `updated_at` datetime DEFAULT CURRENT_TIMESTAMP ON UPDATE CURRENT_TIMESTAMP COMMENT 'Время обновления строки',
  PRIMARY KEY (`id`),
  UNIQUE KEY `name` (`name`)
) ENGINE=InnoDB AUTO_INCREMENT=101 DEFAULT CHARSET=utf8mb4 COLLATE=utf8mb4_0900_ai_ci COMMENT='Группы';
/*!40101 SET character_set_client = @saved_cs_client */;

--
-- Dumping data for table `communities`
--

LOCK TABLES `communities` WRITE;
/*!40000 ALTER TABLE `communities` DISABLE KEYS */;
INSERT INTO `communities` VALUES (1,'nemo','2014-08-08 09:12:30','1992-11-26 13:07:32'),(2,'ducimus','2017-03-23 04:35:48','1998-10-16 05:38:16'),(3,'fugiat','1978-06-26 08:26:45','1976-04-14 03:11:53'),(4,'suscipit','1998-03-12 05:17:32','2018-07-10 06:26:44'),(5,'iste','1989-02-26 07:17:31','1971-06-24 22:16:06'),(6,'impedit','2001-05-03 16:10:59','2017-02-14 08:02:04'),(7,'ut','2011-10-26 13:19:45','1978-12-15 13:33:08'),(8,'dolores','1972-02-03 20:52:43','1979-09-06 06:21:55'),(9,'qui','1976-08-06 07:50:11','1978-11-10 04:07:45'),(10,'quia','1989-12-08 17:47:50','1997-07-20 13:42:48'),(11,'vel','1978-09-03 23:37:18','1998-04-18 12:02:45'),(12,'officiis','2013-07-15 06:57:12','1991-04-19 07:53:01'),(13,'ad','1976-02-02 16:15:13','1977-09-10 23:44:59'),(14,'illo','1972-01-06 22:49:33','1984-09-01 00:35:46'),(15,'nihil','2013-02-23 05:24:33','1971-11-12 18:45:14'),(16,'velit','2018-07-02 04:07:09','1982-08-28 09:47:06'),(17,'aspernatur','2005-07-19 02:07:29','2016-12-12 19:29:25'),(18,'nobis','2003-03-03 09:23:32','1994-07-02 04:29:57'),(19,'dignissimos','2019-04-28 07:16:32','2002-05-01 00:27:05'),(20,'tempore','1997-09-15 05:33:42','2016-08-29 18:50:21'),(21,'assumenda','2020-12-01 23:33:17','2016-10-15 05:47:09'),(22,'omnis','1993-04-13 23:24:45','1978-04-04 11:44:44'),(23,'delectus','2006-01-01 20:35:58','2008-04-01 20:45:51'),(24,'aut','1983-04-22 18:29:19','1972-10-11 10:41:31'),(25,'enim','1974-01-16 01:57:13','1992-10-22 18:03:30'),(26,'eum','2013-12-08 14:24:42','2012-03-13 10:15:38'),(27,'atque','1986-08-01 08:06:39','1987-05-13 16:45:40'),(28,'facere','1996-10-28 14:33:16','2014-01-22 07:14:57'),(29,'dolor','2014-10-09 22:12:12','1990-03-15 19:05:01'),(30,'sint','2020-10-04 21:08:22','2014-11-02 13:06:42'),(31,'quidem','1976-10-18 02:23:42','1975-11-02 19:46:41'),(32,'et','1988-08-22 08:32:30','2020-11-07 08:58:40'),(33,'pariatur','1999-09-27 02:30:22','1993-11-06 02:53:48'),(34,'veniam','1973-03-17 14:54:08','1981-05-18 10:39:45'),(35,'laboriosam','2014-04-26 23:27:42','2020-02-17 04:27:58'),(36,'quod','1983-09-18 17:38:12','1983-12-26 13:34:34'),(37,'corrupti','1975-01-14 02:51:29','1983-01-29 13:41:44'),(38,'quo','1981-10-27 16:39:04','2016-01-26 11:31:23'),(39,'ea','1989-12-18 08:36:38','1998-11-08 21:21:09'),(40,'reiciendis','1992-11-09 00:29:27','2003-10-25 21:20:11'),(41,'veritatis','2006-03-25 17:51:33','1978-12-21 17:55:34'),(42,'necessitatibus','2020-12-13 18:55:18','1976-01-18 19:41:31'),(43,'repellat','1972-09-30 14:13:24','1994-11-10 10:00:58'),(44,'beatae','1997-02-24 14:01:02','2010-03-18 06:26:43'),(45,'nisi','1998-11-28 04:25:42','2016-02-03 19:03:45'),(46,'consequuntur','2006-07-13 14:08:29','1998-12-11 02:01:15'),(47,'earum','2015-04-30 08:23:16','2013-07-19 03:17:54'),(48,'alias','1978-01-10 06:51:24','2001-07-20 17:40:05'),(49,'distinctio','1970-01-10 17:43:03','2011-10-09 20:34:15'),(50,'sed','2007-03-13 23:54:00','1972-03-25 07:37:52'),(51,'cumque','1981-03-09 10:11:17','1979-02-14 11:44:55'),(52,'itaque','1976-01-18 01:52:28','1974-10-31 00:40:43'),(53,'odio','2013-12-09 00:49:08','2019-04-29 07:28:11'),(54,'adipisci','2003-02-26 01:10:18','1972-03-20 17:19:38'),(55,'quam','1990-05-08 17:19:14','1991-03-29 17:27:16'),(56,'nostrum','1981-07-23 05:10:21','2007-03-04 06:10:09'),(57,'illum','2018-09-08 14:21:37','1982-04-17 04:33:15'),(58,'ab','2010-06-14 04:01:22','2013-08-07 03:53:07'),(59,'voluptatibus','2005-08-09 19:20:10','2011-07-15 06:37:26'),(60,'dolore','1974-03-26 04:15:47','1977-04-02 19:10:11'),(61,'voluptatem','1981-09-07 01:44:57','1997-12-09 21:16:07'),(62,'a','2013-06-25 20:59:48','1989-10-20 10:57:06'),(63,'molestiae','1974-05-04 17:10:47','1983-08-11 19:57:31'),(64,'officia','1975-12-02 21:36:01','2002-05-11 02:49:25'),(65,'quis','2002-05-01 15:23:36','1999-06-09 11:56:11'),(66,'occaecati','1993-04-23 13:07:52','1971-02-25 14:16:21'),(67,'temporibus','1997-07-14 15:41:59','2017-12-15 20:32:54'),(68,'ipsum','2009-12-26 10:40:21','2016-10-10 05:22:48'),(69,'sit','2019-08-21 16:30:06','1983-09-25 04:35:00'),(70,'quibusdam','1970-11-04 09:04:31','1973-11-09 13:13:48'),(71,'minima','2008-10-08 13:41:26','2000-02-22 00:39:17'),(72,'architecto','1994-07-14 17:02:05','1979-08-14 20:42:53'),(73,'repudiandae','1987-01-30 03:41:16','1979-04-05 07:17:50'),(74,'laborum','2000-01-14 16:52:54','1999-09-23 15:34:21'),(75,'perspiciatis','1970-03-08 06:42:27','1990-02-13 06:32:27'),(76,'corporis','1983-09-19 06:05:28','1992-05-14 19:13:02'),(77,'ipsam','2012-02-15 00:58:28','1991-11-15 04:35:20'),(78,'possimus','2016-12-12 10:35:47','1984-03-25 07:00:08'),(79,'expedita','1971-06-25 16:16:49','1974-06-23 18:39:40'),(80,'excepturi','1995-01-06 20:02:54','1989-12-19 04:14:55'),(81,'reprehenderit','1971-03-03 05:10:26','1977-12-10 19:29:48'),(82,'in','2018-01-11 14:41:18','1973-10-25 19:13:45'),(83,'sunt','1973-06-09 20:45:11','1978-06-19 09:56:39'),(84,'eos','1982-10-04 11:26:15','2016-07-20 05:26:06'),(85,'error','1972-05-25 20:48:53','2020-02-20 18:29:58'),(86,'cum','2012-02-25 03:47:25','1987-06-29 09:00:03'),(87,'fugit','1985-01-22 19:13:06','1974-08-10 01:13:56'),(88,'accusantium','2012-08-12 17:07:49','2021-02-15 12:06:17'),(89,'est','2010-11-09 23:43:58','1970-05-17 14:19:22'),(90,'incidunt','1975-11-24 16:33:04','2001-08-01 13:33:47'),(91,'aliquid','1973-02-04 21:48:14','1983-02-22 02:35:02'),(92,'esse','2013-07-01 18:07:54','1985-05-30 22:54:40'),(93,'eveniet','1977-05-02 21:25:40','2011-09-14 20:31:12'),(94,'consectetur','2020-06-04 06:59:57','2014-07-19 05:35:05'),(95,'dolorum','2018-02-08 20:56:18','1998-09-14 15:51:19'),(96,'explicabo','2012-01-07 22:17:51','1978-01-12 17:44:32'),(97,'commodi','2007-04-28 10:38:05','1988-03-18 02:33:39'),(98,'voluptates','1994-01-26 16:42:58','2002-08-23 11:08:44'),(99,'eius','1977-12-03 05:43:13','2014-10-07 15:14:55'),(100,'magnam','1989-11-08 08:53:39','1993-11-15 03:41:12');
/*!40000 ALTER TABLE `communities` ENABLE KEYS */;
UNLOCK TABLES;

--
-- Table structure for table `communities_users`
--

DROP TABLE IF EXISTS `communities_users`;
/*!40101 SET @saved_cs_client     = @@character_set_client */;
/*!50503 SET character_set_client = utf8mb4 */;
CREATE TABLE `communities_users` (
  `community_id` int unsigned NOT NULL COMMENT 'Ссылка на группу',
  `user_id` int unsigned NOT NULL COMMENT 'Ссылка на пользователя',
  `created_at` datetime DEFAULT CURRENT_TIMESTAMP COMMENT 'Время создания строки',
  PRIMARY KEY (`community_id`,`user_id`) COMMENT 'Составной первичный ключ'
) ENGINE=InnoDB DEFAULT CHARSET=utf8mb4 COLLATE=utf8mb4_0900_ai_ci COMMENT='Участники групп, связь между пользователями и группами';
/*!40101 SET character_set_client = @saved_cs_client */;

--
-- Dumping data for table `communities_users`
--

LOCK TABLES `communities_users` WRITE;
/*!40000 ALTER TABLE `communities_users` DISABLE KEYS */;
INSERT INTO `communities_users` VALUES (1,1,'2017-05-18 13:41:59'),(2,2,'2006-07-01 20:39:47'),(3,3,'2019-07-20 21:48:32'),(4,4,'1971-12-05 00:59:07'),(5,5,'1980-04-17 10:47:29'),(6,6,'1985-11-04 18:00:04'),(7,7,'2017-07-30 02:59:26'),(8,8,'1979-04-16 05:56:28'),(9,9,'1970-09-14 07:28:13'),(10,10,'1995-04-08 06:28:52'),(11,11,'1988-05-26 21:10:26'),(12,12,'1973-09-17 15:26:33'),(13,13,'2019-11-07 16:59:16'),(14,14,'1985-05-26 09:29:13'),(15,15,'1999-05-05 11:35:49'),(16,16,'1972-09-28 13:24:40'),(17,17,'2010-01-14 13:13:40'),(18,18,'1976-01-16 22:49:06'),(19,19,'1984-06-08 03:44:23'),(20,20,'2018-12-13 04:26:25'),(21,21,'1996-10-18 06:16:11'),(22,22,'1992-12-10 07:57:50'),(23,23,'1971-02-11 07:25:25'),(24,24,'2011-10-31 07:32:51'),(25,25,'1997-06-21 14:46:26'),(26,26,'2009-12-03 09:23:10'),(27,27,'1989-10-25 09:33:51'),(28,28,'2001-11-28 02:53:29'),(29,29,'2008-12-19 16:20:22'),(30,30,'1996-01-26 23:00:14'),(31,31,'2014-10-03 19:03:46'),(32,32,'1997-01-05 21:54:26'),(33,33,'2004-06-12 17:55:40'),(34,34,'2013-06-24 15:37:46'),(35,35,'1972-05-28 13:49:20'),(36,36,'1977-11-13 12:46:16'),(37,37,'2012-08-12 14:39:19'),(38,38,'1972-01-19 07:25:08'),(39,39,'1983-02-17 06:56:27'),(40,40,'1985-08-03 07:43:53'),(41,41,'2008-06-11 15:55:59'),(42,42,'2004-08-20 15:06:04'),(43,43,'1989-02-14 05:06:33'),(44,44,'1988-03-10 00:03:28'),(45,45,'1982-02-10 21:52:55'),(46,46,'2012-09-17 14:14:45'),(47,47,'2008-12-14 04:38:03'),(48,48,'1998-03-06 12:24:46'),(49,49,'2001-10-13 06:17:48'),(50,50,'1980-06-08 11:52:01'),(51,51,'2021-02-14 07:36:51'),(52,52,'2001-04-26 23:20:25'),(53,53,'1974-07-04 16:45:56'),(54,54,'1998-02-07 13:48:52'),(55,55,'1999-12-24 17:45:26'),(56,56,'1985-04-15 18:19:29'),(57,57,'1993-04-28 06:35:08'),(58,58,'2014-06-08 15:44:02'),(59,59,'1999-05-30 14:45:11'),(60,60,'2016-01-28 23:23:41'),(61,61,'1997-08-13 18:35:38'),(62,62,'2004-09-15 11:41:08'),(63,63,'2005-03-03 10:55:14'),(64,64,'1975-03-21 23:19:29'),(65,65,'1976-12-24 04:33:09'),(66,66,'2009-05-05 18:26:29'),(67,67,'2015-11-20 08:35:33'),(68,68,'2009-03-10 19:54:02'),(69,69,'2008-10-05 13:50:57'),(70,70,'1996-10-31 06:28:37'),(71,71,'2014-05-12 11:51:01'),(72,72,'1989-01-07 02:07:41'),(73,73,'1982-08-31 06:02:56'),(74,74,'1993-06-15 06:23:39'),(75,75,'1984-09-29 20:56:25'),(76,76,'2015-01-28 00:05:39'),(77,77,'2001-02-11 07:35:31'),(78,78,'2005-07-02 00:38:15'),(79,79,'2018-09-19 08:25:26'),(80,80,'2004-08-13 07:15:21'),(81,81,'1998-08-09 00:10:51'),(82,82,'1978-05-22 01:00:01'),(83,83,'1987-12-20 08:09:53'),(84,84,'2017-12-20 15:53:45'),(85,85,'1976-08-07 23:14:27'),(86,86,'1995-08-19 01:13:46'),(87,87,'1980-01-08 17:51:57'),(88,88,'1990-04-17 15:59:24'),(89,89,'2009-04-03 08:39:08'),(90,90,'1992-04-01 18:20:27'),(91,91,'1972-10-23 06:29:55'),(92,92,'1977-12-23 12:52:08'),(93,93,'2017-06-30 08:03:49'),(94,94,'2002-12-22 17:02:54'),(95,95,'1976-03-12 23:14:38'),(96,96,'2011-05-06 19:34:46'),(97,97,'2008-07-19 03:03:08'),(98,98,'2017-06-02 16:11:56'),(99,99,'2014-01-01 10:10:32'),(100,100,'1976-10-13 21:16:28');
/*!40000 ALTER TABLE `communities_users` ENABLE KEYS */;
UNLOCK TABLES;

--
-- Table structure for table `friendship`
--

DROP TABLE IF EXISTS `friendship`;
/*!40101 SET @saved_cs_client     = @@character_set_client */;
/*!50503 SET character_set_client = utf8mb4 */;
CREATE TABLE `friendship` (
  `user_id` int unsigned NOT NULL COMMENT 'Ссылка на инициатора дружеских отношений',
  `friend_id` int unsigned NOT NULL COMMENT 'Ссылка на получателя приглашения дружить',
  `status_id` int unsigned NOT NULL COMMENT 'Ссылка на статус (текущее состояние) отношений',
  `requested_at` datetime DEFAULT CURRENT_TIMESTAMP COMMENT 'Время отправления приглашения дружить',
  `confirmed_at` datetime DEFAULT NULL COMMENT 'Время подтверждения приглашения',
  `created_at` datetime DEFAULT CURRENT_TIMESTAMP COMMENT 'Время создания строки',
  `updated_at` datetime DEFAULT CURRENT_TIMESTAMP ON UPDATE CURRENT_TIMESTAMP COMMENT 'Время обновления строки',
  PRIMARY KEY (`user_id`,`friend_id`) COMMENT 'Составной первичный ключ'
) ENGINE=InnoDB DEFAULT CHARSET=utf8mb4 COLLATE=utf8mb4_0900_ai_ci COMMENT='Таблица дружбы';
/*!40101 SET character_set_client = @saved_cs_client */;

--
-- Dumping data for table `friendship`
--

LOCK TABLES `friendship` WRITE;
/*!40000 ALTER TABLE `friendship` DISABLE KEYS */;
INSERT INTO `friendship` VALUES (1,1,1,'1972-05-26 13:19:24','2005-03-22 20:11:19','1981-03-30 19:12:10','1974-07-20 06:14:32'),(2,2,2,'1983-08-05 22:37:32','2019-07-27 10:39:39','2000-07-14 00:03:15','1970-05-17 16:50:45'),(3,3,3,'1977-10-29 17:13:55','1984-12-22 07:17:25','1989-04-20 04:27:55','2004-06-01 19:35:51'),(4,4,4,'1993-01-15 17:23:34','1994-10-22 05:14:42','2013-08-23 10:14:11','1989-01-26 21:10:33'),(5,5,5,'1976-07-25 11:24:56','1987-05-15 17:01:15','2008-09-20 23:31:00','1970-08-14 06:46:06'),(6,6,6,'1971-08-20 07:08:52','1986-12-14 00:27:48','2005-08-19 22:01:24','1978-06-19 15:50:39'),(7,7,7,'1990-03-06 18:44:37','1986-11-16 10:34:40','1991-06-21 13:38:35','1988-08-10 06:58:17'),(8,8,8,'1989-02-01 11:46:24','1991-02-08 10:39:40','2020-03-15 12:46:17','1973-07-21 07:33:06'),(9,9,9,'2018-03-16 03:49:45','1975-05-23 09:39:13','1995-12-03 18:47:13','2003-10-22 20:41:50'),(10,10,10,'1981-10-11 05:07:53','1992-02-12 09:21:33','2015-05-10 12:51:15','2019-11-26 03:28:41'),(11,11,11,'2006-11-11 08:31:47','2013-10-12 04:50:33','1999-10-05 05:07:58','1990-07-11 08:36:26'),(12,12,12,'1990-02-07 07:28:17','2017-05-17 13:04:06','1972-06-12 21:53:47','1984-05-12 10:58:00'),(13,13,13,'1974-02-06 23:17:14','1979-11-16 01:39:55','1980-03-25 22:44:39','1996-06-04 04:50:09'),(14,14,14,'1991-03-11 01:26:06','1995-06-02 02:31:12','1994-01-17 02:41:07','1985-03-07 23:54:35'),(15,15,15,'2004-10-13 13:28:28','2014-01-08 09:54:46','1985-06-15 04:10:33','2008-12-13 04:53:11'),(16,16,16,'1972-01-23 05:10:05','2017-12-24 14:26:40','2005-06-16 02:59:58','2005-04-02 06:47:30'),(17,17,17,'2018-07-04 10:47:41','2017-01-16 06:47:21','2018-04-04 01:29:42','1971-01-06 18:09:04'),(18,18,18,'2017-04-30 03:21:47','1972-04-07 20:55:15','2008-04-30 06:26:22','2008-09-25 17:55:21'),(19,19,19,'1979-12-25 13:15:06','1976-05-22 10:41:48','2004-10-07 23:52:36','2002-05-08 11:21:53'),(20,20,20,'2012-02-24 00:14:49','1988-04-09 15:55:32','1998-12-05 18:17:57','2021-02-03 13:21:08'),(21,21,21,'1987-10-06 09:16:55','2019-02-08 03:54:23','1977-07-10 03:37:11','1997-11-16 00:23:51'),(22,22,22,'2014-10-22 04:57:39','1979-01-06 23:36:04','1994-03-09 03:06:01','2020-08-04 08:50:55'),(23,23,23,'1973-07-06 06:48:52','2016-12-17 11:09:09','1985-04-08 15:52:20','2009-11-09 01:50:17'),(24,24,24,'1977-08-03 15:17:24','1992-01-31 17:22:22','1976-08-29 03:48:25','1978-10-05 17:14:55'),(25,25,25,'2016-10-17 03:04:52','2012-09-14 05:00:47','2015-06-22 02:20:45','2013-09-14 05:24:29'),(26,26,26,'2008-05-20 18:26:14','1999-01-01 20:46:59','2020-04-02 23:20:55','1987-03-03 07:28:51'),(27,27,27,'2011-01-09 09:15:34','1970-06-06 12:52:54','2013-03-12 10:26:28','1973-01-10 05:30:29'),(28,28,28,'2014-05-29 08:32:08','2009-08-16 03:37:50','1983-11-11 08:43:07','2014-04-16 17:21:35'),(29,29,29,'1980-05-19 18:56:39','2019-10-01 13:52:02','1977-07-13 18:43:35','2014-02-16 06:26:38'),(30,30,30,'1978-12-18 15:16:24','1976-09-21 22:06:00','2019-03-13 07:31:47','1976-08-05 05:41:55'),(31,31,31,'2010-05-10 18:28:12','2020-01-05 07:57:29','1971-07-26 01:06:38','2011-10-08 22:43:14'),(32,32,32,'2017-05-13 10:26:19','2019-05-26 10:55:51','2009-01-17 00:18:30','1975-08-16 18:33:18'),(33,33,33,'2018-03-06 04:22:47','2013-08-08 12:15:22','1991-11-22 13:58:38','1986-02-03 22:06:35'),(34,34,34,'2002-12-07 11:36:40','2006-07-30 11:54:58','1980-10-12 19:30:38','2010-11-15 21:56:42'),(35,35,35,'1989-01-12 21:54:03','2017-02-05 12:17:11','1976-04-07 04:48:29','1974-12-19 23:26:46'),(36,36,36,'1987-10-10 14:56:38','2012-06-06 00:03:54','2001-08-05 22:42:22','2018-01-28 23:07:27'),(37,37,37,'2003-04-11 13:56:27','2003-09-29 04:57:45','2011-10-03 22:35:19','1987-05-31 23:46:14'),(38,38,38,'2014-02-19 02:17:09','1988-09-07 20:36:14','2012-03-24 17:20:38','2001-05-08 07:14:01'),(39,39,39,'1995-12-18 03:23:14','2003-06-08 23:05:52','2007-03-30 23:20:11','2009-11-01 16:07:12'),(40,40,40,'2019-04-18 11:07:20','1993-12-21 08:22:50','1975-07-28 09:29:11','2013-01-11 09:34:59'),(41,41,41,'1973-02-01 21:56:49','1985-02-25 09:46:37','1972-08-09 10:41:04','1996-09-24 15:17:58'),(42,42,42,'1972-11-27 06:40:02','1999-04-12 02:52:27','1982-12-15 05:30:42','1997-09-02 19:00:16'),(43,43,43,'2018-08-05 10:44:42','2002-10-09 23:49:20','2004-05-20 05:01:59','1991-01-27 10:12:07'),(44,44,44,'1992-04-03 23:33:33','2002-08-27 01:15:41','2019-01-31 13:20:26','1987-08-21 22:29:02'),(45,45,45,'2000-03-28 16:39:25','1985-05-24 12:26:04','1977-03-16 00:44:40','1987-05-01 15:44:43'),(46,46,46,'2018-05-24 19:32:32','2004-01-25 07:35:25','1991-03-25 21:47:13','2013-10-21 15:10:19'),(47,47,47,'2000-04-17 20:03:29','2008-01-26 09:37:57','2003-02-21 12:47:35','1970-03-25 01:11:03'),(48,48,48,'1974-12-20 13:36:55','1973-03-09 12:09:41','2009-12-26 04:09:12','1972-05-31 21:38:57'),(49,49,49,'1982-01-27 01:18:17','1978-06-29 17:41:30','1971-06-05 01:17:34','2006-05-15 14:55:52'),(50,50,50,'2009-01-11 09:52:40','2012-01-20 12:34:37','2005-04-20 08:11:01','1986-02-28 13:40:50'),(51,51,51,'2002-09-22 04:41:04','1998-01-16 03:53:22','2020-03-04 23:07:28','2007-11-21 01:28:26'),(52,52,52,'2020-05-09 09:45:12','2003-10-03 23:08:37','2009-04-20 09:17:49','2021-03-01 09:13:37'),(53,53,53,'1990-07-27 03:34:26','1984-09-17 14:14:21','2006-04-11 12:32:20','2004-03-14 00:07:57'),(54,54,54,'1970-01-24 09:58:32','1976-07-12 05:50:38','2017-02-27 13:28:48','2003-07-23 17:18:46'),(55,55,55,'1978-08-05 11:02:50','2001-01-10 06:44:07','2005-06-24 07:18:16','2004-11-17 12:13:15'),(56,56,56,'1992-12-12 06:37:57','1994-11-16 04:32:30','2003-04-18 02:25:19','2013-01-10 07:32:24'),(57,57,57,'1981-04-01 13:02:51','1984-02-29 18:50:52','1975-08-29 22:48:58','2018-11-12 01:33:38'),(58,58,58,'2006-11-12 13:54:25','2017-08-12 10:53:13','2004-09-11 04:26:18','2018-06-10 18:24:28'),(59,59,59,'1992-02-04 22:18:11','1972-08-09 16:23:08','2011-07-22 01:17:49','2002-01-10 21:05:43'),(60,60,60,'1999-12-10 14:43:16','2011-02-20 02:20:15','1996-11-10 20:35:23','1998-08-25 09:32:31'),(61,61,61,'2008-04-05 23:58:01','1972-05-13 16:01:00','2007-09-30 22:30:58','1986-01-05 05:36:29'),(62,62,62,'1974-02-25 03:31:08','2006-11-12 23:54:16','1979-02-13 10:39:56','2007-07-01 14:40:25'),(63,63,63,'2010-02-09 00:02:18','2015-04-24 13:33:19','1998-01-31 03:23:23','1975-05-02 03:12:47'),(64,64,64,'1999-06-08 21:32:19','1985-04-02 20:30:14','2013-08-27 17:42:13','1988-06-22 10:07:14'),(65,65,65,'2007-09-20 13:14:34','2009-12-11 12:21:26','2015-07-11 14:52:02','2020-05-18 14:41:47'),(66,66,66,'1997-02-07 09:09:14','2002-04-11 01:19:55','1974-06-02 11:51:42','1971-07-30 18:57:22'),(67,67,67,'2000-02-23 07:40:52','1982-01-16 05:26:03','2016-08-15 07:46:34','1999-02-19 02:31:00'),(68,68,68,'1997-10-27 22:11:25','2004-08-22 19:40:01','1973-02-20 10:17:43','1991-08-19 17:07:06'),(69,69,69,'1985-09-25 13:09:05','2014-02-16 01:09:55','1980-06-23 16:02:13','1977-01-16 11:49:30'),(70,70,70,'2012-06-08 09:58:47','1987-04-21 04:37:36','1993-06-06 09:12:25','1978-09-06 01:04:10'),(71,71,71,'1982-08-18 16:46:48','1994-02-04 08:27:44','1981-08-09 15:10:44','1982-07-10 11:00:54'),(72,72,72,'2014-01-16 04:08:29','1980-10-09 16:10:31','1984-05-09 20:26:58','2003-04-28 11:20:19'),(73,73,73,'1993-08-31 22:27:32','1995-04-20 15:21:26','1978-05-18 01:31:47','1990-08-12 22:55:36'),(74,74,74,'1975-04-08 12:11:26','2020-03-08 14:47:57','1992-06-04 04:51:58','2001-06-28 23:12:59'),(75,75,75,'1971-05-09 15:44:16','1997-09-02 19:22:13','1972-05-12 23:56:53','1986-01-31 10:22:21'),(76,76,76,'1987-07-21 19:59:47','1985-07-14 09:30:49','2018-01-03 18:50:39','2020-08-21 16:01:25'),(77,77,77,'1991-10-11 21:26:10','1991-04-23 05:25:24','1987-11-01 18:55:44','1995-04-06 16:19:23'),(78,78,78,'1986-03-16 07:36:47','1984-04-30 11:22:33','2018-07-13 08:59:25','1994-07-28 07:09:15'),(79,79,79,'1989-09-28 02:01:09','1986-09-18 07:59:01','2014-04-30 13:25:37','1972-03-14 22:43:04'),(80,80,80,'1973-01-07 14:10:13','1999-07-12 04:38:39','1983-06-14 15:36:37','1976-03-27 16:40:53'),(81,81,81,'1979-08-04 18:01:42','2018-05-21 12:37:55','2008-10-27 08:24:08','2018-12-22 17:13:01'),(82,82,82,'1986-09-06 19:28:27','1981-03-08 20:42:10','1992-02-28 03:00:06','2017-10-31 22:10:19'),(83,83,83,'2018-06-24 04:47:59','1989-07-20 06:04:50','1986-09-11 08:05:56','2002-02-09 20:41:30'),(84,84,84,'1973-12-19 10:29:17','1975-03-19 01:29:04','2001-12-24 17:56:00','1974-07-02 15:22:52'),(85,85,85,'2015-01-29 08:12:43','1977-08-25 04:17:21','1972-05-21 08:29:04','2002-10-06 06:07:56'),(86,86,86,'1990-12-11 01:50:50','1989-11-06 00:19:12','1989-10-17 10:09:50','1992-01-26 10:10:04'),(87,87,87,'1979-06-17 22:16:53','1993-02-03 05:28:40','2005-08-18 23:06:26','1979-12-23 17:08:01'),(88,88,88,'1999-03-21 08:33:10','2000-01-11 00:30:00','1976-10-08 14:31:04','1982-12-11 20:45:13'),(89,89,89,'1989-04-30 02:16:54','1978-08-08 01:06:16','1971-01-29 17:26:23','2012-01-02 22:28:06'),(90,90,90,'1979-04-17 05:26:13','2019-08-08 17:49:37','2005-09-17 15:41:01','2004-08-08 16:30:33'),(91,91,91,'1985-04-16 20:50:56','1980-02-09 21:13:27','1977-07-02 01:37:05','1991-04-08 17:38:07'),(92,92,92,'2009-03-31 04:26:42','2011-06-22 22:39:40','2018-06-09 17:01:14','1983-09-12 06:52:05'),(93,93,93,'2013-12-23 22:26:12','2020-07-17 06:20:23','2017-12-19 20:34:21','1979-06-14 15:59:11'),(94,94,94,'2015-01-17 00:17:52','1982-08-19 03:08:34','2003-01-24 23:57:39','2005-01-27 12:11:06'),(95,95,95,'1982-07-31 00:10:08','2006-03-23 05:08:46','1981-12-16 19:26:45','1995-02-21 08:01:34'),(96,96,96,'1994-06-12 13:51:01','2018-05-06 09:24:38','1981-07-27 04:45:25','1971-07-13 20:12:18'),(97,97,97,'1990-11-26 07:41:53','2019-08-29 14:02:12','1990-08-15 06:41:56','1984-02-26 20:59:26'),(98,98,98,'1972-02-22 14:45:23','2010-12-03 02:23:17','2020-07-24 15:06:25','1978-09-04 21:55:45'),(99,99,99,'1975-07-05 19:53:17','1975-12-16 02:41:50','1976-04-19 14:03:46','1980-11-16 22:59:36'),(100,100,100,'1977-01-15 03:13:16','2009-08-09 02:15:13','2016-12-04 20:24:47','1986-07-08 03:49:25');
/*!40000 ALTER TABLE `friendship` ENABLE KEYS */;
UNLOCK TABLES;

--
-- Table structure for table `friendship_statuses`
--

DROP TABLE IF EXISTS `friendship_statuses`;
/*!40101 SET @saved_cs_client     = @@character_set_client */;
/*!50503 SET character_set_client = utf8mb4 */;
CREATE TABLE `friendship_statuses` (
  `id` int unsigned NOT NULL AUTO_INCREMENT COMMENT 'Идентификатор строки',
  `name` varchar(150) NOT NULL COMMENT 'Название статуса',
  `created_at` datetime DEFAULT CURRENT_TIMESTAMP COMMENT 'Время создания строки',
  `updated_at` datetime DEFAULT CURRENT_TIMESTAMP ON UPDATE CURRENT_TIMESTAMP COMMENT 'Время обновления строки',
  PRIMARY KEY (`id`),
  UNIQUE KEY `name` (`name`)
) ENGINE=InnoDB AUTO_INCREMENT=101 DEFAULT CHARSET=utf8mb4 COLLATE=utf8mb4_0900_ai_ci COMMENT='Статусы дружбы';
/*!40101 SET character_set_client = @saved_cs_client */;

--
-- Dumping data for table `friendship_statuses`
--

LOCK TABLES `friendship_statuses` WRITE;
/*!40000 ALTER TABLE `friendship_statuses` DISABLE KEYS */;
INSERT INTO `friendship_statuses` VALUES (1,'qui','1976-12-01 03:05:48','1970-12-31 11:27:58'),(2,'nemo','2017-01-28 08:02:03','1989-06-21 21:50:42'),(3,'sed','2001-11-20 07:30:44','1985-05-03 14:20:24'),(4,'dolorem','1978-11-21 12:45:15','1980-03-29 00:42:00'),(5,'architecto','2010-03-23 01:47:41','1981-10-10 22:40:32'),(6,'quia','2014-10-23 06:20:47','2009-06-16 16:03:22'),(7,'perferendis','1976-12-14 23:07:55','2004-04-13 23:03:57'),(8,'voluptatem','1990-03-13 20:18:18','2003-08-01 15:55:06'),(9,'deleniti','2014-01-10 22:16:48','1978-07-18 22:44:20'),(10,'laboriosam','2011-09-08 15:40:33','1993-04-19 05:51:29'),(11,'beatae','2002-07-20 01:23:28','2007-01-16 04:11:32'),(12,'enim','2013-02-20 13:56:18','2005-09-17 01:44:48'),(13,'assumenda','1979-01-04 17:09:56','2004-12-26 21:22:42'),(14,'error','1994-04-18 12:30:46','1997-10-08 00:13:19'),(15,'animi','1975-09-29 07:27:36','1973-05-27 20:29:21'),(16,'ad','1998-09-24 14:01:36','1980-02-16 09:42:16'),(17,'modi','2018-12-12 17:18:22','2008-06-25 18:31:50'),(18,'dolor','1997-02-23 03:12:09','1978-09-23 23:36:06'),(19,'consequatur','1975-06-30 13:00:06','1984-04-17 19:37:27'),(20,'et','1972-08-26 02:52:32','1982-03-28 02:43:19'),(21,'ipsam','1997-09-13 22:09:32','1987-11-27 21:19:11'),(22,'eum','2005-02-16 09:11:39','2000-06-13 06:38:46'),(23,'commodi','1984-08-27 08:43:03','2005-10-14 17:24:47'),(24,'culpa','1973-09-28 07:25:30','2002-04-23 20:54:34'),(25,'dolores','1992-06-02 08:40:16','1982-01-09 04:23:13'),(26,'alias','1999-08-30 02:11:42','1976-08-01 00:33:29'),(27,'odit','1987-02-18 05:12:05','2011-05-02 13:50:41'),(28,'ex','2001-06-23 08:44:08','1999-02-02 21:05:32'),(29,'ea','2007-01-16 08:59:03','2001-05-26 04:58:27'),(30,'voluptatibus','2019-09-28 12:53:25','1988-02-23 12:03:24'),(31,'non','2015-06-06 13:15:01','1984-05-07 18:44:55'),(32,'dolore','1983-10-11 17:11:19','2014-12-02 08:31:09'),(33,'debitis','1979-04-13 04:13:30','1993-07-10 10:44:31'),(34,'ducimus','2012-09-27 23:13:07','1977-10-05 04:45:11'),(35,'omnis','1979-07-09 13:19:23','2012-09-25 15:49:40'),(36,'veniam','2013-09-04 21:50:18','2000-12-27 09:35:14'),(37,'voluptas','2010-06-11 18:01:48','2018-02-08 02:00:03'),(38,'eligendi','1988-03-06 04:26:06','1991-01-19 20:39:34'),(39,'aut','1976-01-22 07:30:04','1973-10-11 22:06:29'),(40,'corrupti','1999-01-15 06:02:40','2019-09-22 11:48:04'),(41,'iure','2007-11-01 12:52:56','1990-04-05 19:50:14'),(42,'consequuntur','1997-03-14 11:05:44','1984-09-22 04:19:59'),(43,'ut','1989-11-08 18:43:17','2012-12-30 01:39:38'),(44,'in','1999-01-05 08:24:06','2019-07-20 13:54:45'),(45,'aliquam','1980-04-10 21:27:41','1996-03-12 05:29:00'),(46,'accusantium','2008-08-22 05:56:08','2008-12-17 23:26:16'),(47,'harum','2016-02-05 03:42:17','1999-06-30 16:40:16'),(48,'mollitia','1984-11-26 05:25:02','1977-03-26 00:48:37'),(49,'officia','1993-08-06 04:51:58','2013-08-20 08:47:42'),(50,'est','1995-05-12 15:14:41','2018-05-28 09:35:54'),(51,'quos','1971-06-06 21:55:37','1988-06-14 21:48:41'),(52,'pariatur','2013-11-20 15:15:41','1985-04-09 05:20:23'),(53,'asperiores','2005-01-30 14:51:44','1981-11-24 02:38:00'),(54,'itaque','2006-11-05 10:44:15','2001-11-12 18:03:11'),(55,'illo','1970-04-05 01:44:03','2010-12-14 05:49:41'),(56,'labore','2019-06-08 15:54:23','1987-07-08 17:53:32'),(57,'ipsa','2003-10-11 05:09:26','2011-04-28 07:31:17'),(58,'aliquid','2000-01-19 15:10:53','1997-07-19 04:47:06'),(59,'quas','2011-12-17 12:55:07','1987-12-19 18:13:39'),(60,'quisquam','2018-04-12 05:38:34','2018-09-30 13:16:40'),(61,'sint','1987-11-19 00:34:06','1996-01-31 01:20:07'),(62,'magnam','2020-09-27 06:35:22','2018-02-02 18:19:12'),(63,'voluptates','1978-06-05 12:02:35','1984-02-27 11:30:15'),(64,'occaecati','1974-04-23 12:18:44','1972-11-20 12:25:39'),(65,'repudiandae','2017-03-05 02:00:21','2008-10-27 19:23:37'),(66,'exercitationem','2008-10-06 12:11:43','2018-05-26 00:12:29'),(67,'autem','2009-09-27 06:36:52','1979-03-04 20:58:03'),(68,'vel','1975-12-19 22:04:42','1988-12-30 08:47:28'),(69,'provident','1989-09-17 01:16:51','1998-08-15 15:06:28'),(70,'porro','2019-01-03 08:40:54','1993-09-22 05:53:14'),(71,'necessitatibus','2001-01-05 08:38:34','1988-05-13 08:57:20'),(72,'officiis','1998-04-16 01:21:55','1983-11-04 09:56:30'),(73,'repellendus','2011-10-10 14:55:49','2008-03-30 22:02:04'),(74,'praesentium','2008-09-29 16:58:04','1978-05-16 02:20:00'),(75,'quibusdam','1978-10-20 08:22:56','1993-03-27 08:57:14'),(76,'tempore','1997-10-28 13:24:54','1989-01-29 10:00:22'),(77,'recusandae','1974-07-25 01:16:53','1970-03-25 13:54:59'),(78,'rerum','1976-01-10 04:28:09','1988-03-17 18:12:17'),(79,'quo','2014-02-06 17:18:53','1970-08-28 10:57:11'),(80,'id','1976-08-29 02:36:10','1979-02-20 07:48:25'),(81,'dicta','1972-08-07 09:13:31','2011-12-11 11:44:23'),(82,'consectetur','1997-07-17 17:37:19','1972-01-02 05:26:35'),(83,'maiores','1984-09-11 10:00:49','2010-07-13 03:57:08'),(84,'rem','2004-10-13 13:15:35','1982-04-03 13:57:19'),(85,'cum','1981-01-12 16:05:59','1986-03-20 18:32:58'),(86,'neque','2008-12-24 15:12:28','1987-09-26 18:09:17'),(87,'facere','1971-12-09 07:57:15','1993-05-24 06:50:29'),(88,'quis','1996-04-05 05:07:40','1990-07-21 04:44:07'),(89,'suscipit','1985-09-01 14:00:49','1982-03-09 18:00:41'),(90,'aperiam','1989-12-13 02:32:17','1991-04-27 18:55:57'),(91,'nihil','1996-07-13 02:41:53','2011-12-09 10:20:21'),(92,'blanditiis','2017-07-04 14:57:33','1992-12-29 10:11:07'),(93,'sit','1976-09-20 15:32:27','1973-02-06 02:14:05'),(94,'a','1993-06-29 19:04:57','2009-12-16 13:09:11'),(95,'fugiat','1975-08-25 17:22:04','1987-03-24 08:47:07'),(96,'earum','1994-10-05 23:13:55','1987-02-25 01:54:10'),(97,'distinctio','1980-06-19 22:30:24','1998-09-23 17:49:35'),(98,'adipisci','1971-11-17 02:14:23','2018-03-13 21:09:07'),(99,'veritatis','1987-07-27 00:15:44','1989-01-16 23:07:01'),(100,'ratione','2010-06-30 03:52:23','2001-07-10 23:31:18');
/*!40000 ALTER TABLE `friendship_statuses` ENABLE KEYS */;
UNLOCK TABLES;

--
-- Table structure for table `media`
--

DROP TABLE IF EXISTS `media`;
/*!40101 SET @saved_cs_client     = @@character_set_client */;
/*!50503 SET character_set_client = utf8mb4 */;
CREATE TABLE `media` (
  `id` int unsigned NOT NULL AUTO_INCREMENT COMMENT 'Идентификатор строки',
  `user_id` int unsigned NOT NULL COMMENT 'Ссылка на пользователя, который загрузил файл',
  `filename` varchar(255) NOT NULL COMMENT 'Путь к файлу',
  `size` int NOT NULL COMMENT 'Размер файла',
  `metadata` json DEFAULT NULL COMMENT 'Метаданные файла',
  `media_type_id` int unsigned NOT NULL COMMENT 'Ссылка на тип контента',
  `created_at` datetime DEFAULT CURRENT_TIMESTAMP COMMENT 'Время создания строки',
  `updated_at` datetime DEFAULT CURRENT_TIMESTAMP ON UPDATE CURRENT_TIMESTAMP COMMENT 'Время обновления строки',
  PRIMARY KEY (`id`)
) ENGINE=InnoDB AUTO_INCREMENT=101 DEFAULT CHARSET=utf8mb4 COLLATE=utf8mb4_0900_ai_ci COMMENT='Медиафайлы';
/*!40101 SET character_set_client = @saved_cs_client */;

--
-- Dumping data for table `media`
--

LOCK TABLES `media` WRITE;
/*!40000 ALTER TABLE `media` DISABLE KEYS */;
INSERT INTO `media` VALUES (1,1,'omnis',577502914,NULL,1,'2015-01-02 16:29:50','2011-05-14 19:43:59'),(2,2,'aut',200838,NULL,2,'2007-01-14 14:45:46','1990-03-05 23:42:52'),(3,3,'ut',3,NULL,3,'2020-04-02 18:34:03','1974-10-18 01:44:38'),(4,4,'in',6213,NULL,4,'2000-09-25 15:33:37','1990-10-31 04:04:14'),(5,5,'illum',0,NULL,5,'2017-10-21 04:19:51','1997-09-24 05:41:50'),(6,6,'optio',78,NULL,6,'2018-05-22 06:49:44','1988-07-07 14:05:40'),(7,7,'ex',45337591,NULL,7,'2009-06-18 07:57:58','1987-09-11 11:47:14'),(8,8,'et',3666,NULL,8,'2017-02-03 23:33:54','1987-12-10 15:00:48'),(9,9,'veritatis',4220,NULL,9,'2015-01-19 09:28:48','2013-11-05 04:18:57'),(10,10,'nisi',85171,NULL,10,'2006-02-26 16:09:42','1979-08-09 10:43:27'),(11,11,'quos',80258,NULL,11,'2019-04-10 05:33:30','1982-08-22 22:06:37'),(12,12,'rem',945,NULL,12,'1993-02-04 12:13:43','1975-03-26 19:30:36'),(13,13,'corporis',201447105,NULL,13,'1971-08-09 09:15:19','2006-05-28 21:30:30'),(14,14,'quo',1,NULL,14,'2007-10-01 09:05:17','1985-08-26 07:39:02'),(15,15,'eos',851372,NULL,15,'2005-10-17 04:42:25','1973-12-26 06:04:01'),(16,16,'amet',5586578,NULL,16,'2006-12-16 06:40:02','2017-05-21 15:52:27'),(17,17,'eius',500400,NULL,17,'1974-05-25 08:33:01','1991-04-30 13:24:16'),(18,18,'quaerat',0,NULL,18,'1979-06-12 12:03:25','2007-04-01 03:13:52'),(19,19,'quod',25022640,NULL,19,'1994-01-06 00:04:42','1973-12-04 23:42:29'),(20,20,'excepturi',139231707,NULL,20,'2017-01-27 16:02:52','1970-01-28 22:41:39'),(21,21,'magni',142,NULL,21,'1979-12-28 11:54:16','1997-03-29 19:59:51'),(22,22,'hic',75691,NULL,22,'1999-12-21 16:43:40','1995-09-27 22:12:58'),(23,23,'eos',32667,NULL,23,'1990-03-30 09:07:10','1983-01-11 13:14:03'),(24,24,'nostrum',918768646,NULL,24,'1973-04-23 15:30:44','1973-02-13 03:20:11'),(25,25,'eum',941,NULL,25,'2020-03-27 07:37:23','2001-01-30 17:14:38'),(26,26,'aspernatur',0,NULL,26,'1999-03-23 00:22:45','2012-09-12 20:39:00'),(27,27,'et',24,NULL,27,'1970-08-13 18:39:16','2018-02-27 05:15:58'),(28,28,'quasi',3863,NULL,28,'1988-05-08 20:02:34','2010-10-28 06:06:19'),(29,29,'a',1712,NULL,29,'2012-12-05 09:19:22','1978-07-01 10:50:52'),(30,30,'dignissimos',0,NULL,30,'2006-12-03 14:42:55','2002-11-09 22:10:46'),(31,31,'aut',791257,NULL,31,'2018-11-20 23:52:17','2019-06-09 16:40:26'),(32,32,'et',42502611,NULL,32,'2003-03-28 06:39:13','1992-12-16 22:46:23'),(33,33,'dolorem',494,NULL,33,'2004-10-28 15:19:05','2020-03-25 17:14:48'),(34,34,'ex',2474,NULL,34,'1998-02-05 04:49:43','2001-07-11 03:57:22'),(35,35,'dicta',5,NULL,35,'2019-09-09 15:24:52','1988-12-22 21:49:21'),(36,36,'itaque',3146287,NULL,36,'1979-02-28 19:17:18','1978-02-09 13:35:36'),(37,37,'ut',611,NULL,37,'2013-04-20 10:23:30','1992-03-21 14:47:54'),(38,38,'est',333984800,NULL,38,'2020-02-10 07:17:33','1977-07-18 05:31:17'),(39,39,'alias',3485,NULL,39,'1989-05-26 16:10:16','1984-11-24 17:29:55'),(40,40,'natus',4902,NULL,40,'1995-08-31 22:27:50','2007-06-29 09:53:59'),(41,41,'commodi',573,NULL,41,'1978-11-20 14:49:21','2015-06-13 10:07:45'),(42,42,'iure',9324793,NULL,42,'1992-07-22 01:23:24','1973-09-03 06:13:17'),(43,43,'hic',0,NULL,43,'1997-05-14 03:28:25','1977-08-21 20:32:39'),(44,44,'at',644294,NULL,44,'1990-02-25 11:54:55','1996-06-01 08:37:52'),(45,45,'placeat',7515,NULL,45,'2008-01-14 11:51:05','2007-10-23 22:11:40'),(46,46,'provident',25,NULL,46,'1979-08-19 16:40:28','1985-05-18 10:08:38'),(47,47,'quas',841719198,NULL,47,'2007-10-02 07:21:32','2009-04-09 22:06:40'),(48,48,'optio',7155,NULL,48,'1993-06-05 02:44:14','1970-04-18 23:52:54'),(49,49,'rem',860,NULL,49,'2009-02-15 11:37:32','1996-10-04 06:34:03'),(50,50,'quia',37,NULL,50,'1994-10-21 11:15:57','1997-01-30 11:41:07'),(51,51,'ea',593790,NULL,51,'1979-08-15 16:38:29','1988-12-11 12:59:19'),(52,52,'ullam',0,NULL,52,'1984-04-29 17:53:11','2014-08-18 21:54:45'),(53,53,'inventore',6701,NULL,53,'1989-07-11 20:29:44','2019-10-23 04:40:02'),(54,54,'modi',45,NULL,54,'1976-07-18 07:13:07','1996-07-17 19:21:41'),(55,55,'id',1271,NULL,55,'2008-04-25 09:43:02','1979-08-18 11:56:01'),(56,56,'harum',1,NULL,56,'1972-12-27 05:25:09','1992-04-12 16:12:04'),(57,57,'non',70,NULL,57,'1985-01-09 13:01:12','2011-11-23 05:09:58'),(58,58,'nemo',93449,NULL,58,'1983-12-24 21:35:44','2016-03-06 05:53:30'),(59,59,'qui',798,NULL,59,'1978-07-12 19:16:13','2018-04-15 21:16:43'),(60,60,'ut',145057156,NULL,60,'1992-07-30 23:26:26','2015-11-23 05:51:09'),(61,61,'aliquid',4380880,NULL,61,'2003-01-05 17:21:51','1995-03-30 18:11:38'),(62,62,'id',37,NULL,62,'1974-03-10 04:17:11','1997-02-09 05:32:00'),(63,63,'error',34,NULL,63,'1992-10-01 13:15:13','1996-08-06 10:28:45'),(64,64,'tempora',786690,NULL,64,'2018-02-26 11:00:40','2017-06-22 08:13:51'),(65,65,'rem',78460,NULL,65,'1971-04-11 02:57:36','1981-08-18 07:35:11'),(66,66,'nemo',939,NULL,66,'1987-04-22 02:36:37','1980-08-05 08:53:02'),(67,67,'vel',63918,NULL,67,'1994-03-13 02:38:22','2013-01-24 10:50:30'),(68,68,'exercitationem',6740958,NULL,68,'2013-05-28 03:41:54','2004-10-10 11:02:41'),(69,69,'veritatis',74537,NULL,69,'1973-11-04 13:28:13','1970-04-28 00:26:48'),(70,70,'doloribus',0,NULL,70,'1983-11-21 06:33:47','2008-04-10 02:40:03'),(71,71,'labore',14,NULL,71,'1973-10-04 11:36:02','1996-12-27 04:51:22'),(72,72,'et',3525,NULL,72,'1994-08-12 20:18:14','1975-03-31 10:17:52'),(73,73,'harum',142357264,NULL,73,'1998-02-15 17:57:27','1989-05-11 05:33:02'),(74,74,'ipsa',824,NULL,74,'2018-05-15 05:19:27','1972-04-10 17:10:08'),(75,75,'blanditiis',6919632,NULL,75,'1989-01-22 21:31:58','2016-07-17 13:23:26'),(76,76,'dolore',0,NULL,76,'1982-04-13 23:55:01','2007-02-20 18:32:39'),(77,77,'repellendus',35653,NULL,77,'2012-11-28 09:33:12','2018-06-12 18:15:13'),(78,78,'dolores',771,NULL,78,'1977-11-29 03:33:55','2013-10-03 18:53:29'),(79,79,'tenetur',2817690,NULL,79,'1977-01-05 06:57:48','1978-11-02 14:57:52'),(80,80,'iure',0,NULL,80,'1999-06-12 07:48:14','2009-09-07 07:32:04'),(81,81,'ipsam',0,NULL,81,'1975-12-01 23:55:55','2019-03-16 18:59:28'),(82,82,'eos',7987,NULL,82,'2002-08-25 13:53:56','2014-08-19 13:23:29'),(83,83,'molestiae',9,NULL,83,'1996-03-26 13:40:18','2016-05-18 10:48:39'),(84,84,'quidem',77,NULL,84,'2003-01-07 15:33:57','1997-09-27 01:01:41'),(85,85,'qui',3,NULL,85,'1982-01-16 22:39:22','2013-10-21 09:10:55'),(86,86,'maiores',8036290,NULL,86,'1986-11-06 04:07:48','2002-10-18 09:38:09'),(87,87,'rerum',0,NULL,87,'2017-08-04 05:56:38','1976-03-26 15:28:44'),(88,88,'provident',1229,NULL,88,'2011-12-20 15:37:49','1984-08-19 05:48:05'),(89,89,'ratione',901706328,NULL,89,'1970-05-25 10:30:52','1971-12-24 13:30:57'),(90,90,'ratione',128965,NULL,90,'1973-11-24 02:15:12','1970-06-13 14:10:28'),(91,91,'qui',64,NULL,91,'1971-08-08 17:51:19','2020-03-03 02:23:09'),(92,92,'reprehenderit',3529668,NULL,92,'1974-11-18 04:08:40','2001-08-01 21:30:19'),(93,93,'a',41038206,NULL,93,'1984-06-24 19:14:34','1972-10-07 08:19:56'),(94,94,'repellendus',5187,NULL,94,'1986-01-25 06:19:16','1976-02-11 23:26:35'),(95,95,'exercitationem',10,NULL,95,'1977-12-07 13:41:57','2003-02-16 02:35:01'),(96,96,'nihil',8140009,NULL,96,'1999-03-11 03:19:28','1974-12-28 10:29:02'),(97,97,'rerum',12138,NULL,97,'1997-05-16 09:17:19','1988-07-19 11:11:40'),(98,98,'voluptatem',0,NULL,98,'1989-08-14 05:17:28','1977-09-26 15:00:07'),(99,99,'sint',303725194,NULL,99,'2011-04-05 04:57:49','1981-08-10 00:35:03'),(100,100,'nihil',7414,NULL,100,'1996-10-23 13:27:59','1975-01-25 09:40:06');
/*!40000 ALTER TABLE `media` ENABLE KEYS */;
UNLOCK TABLES;

--
-- Table structure for table `media_types`
--

DROP TABLE IF EXISTS `media_types`;
/*!40101 SET @saved_cs_client     = @@character_set_client */;
/*!50503 SET character_set_client = utf8mb4 */;
CREATE TABLE `media_types` (
  `id` int unsigned NOT NULL AUTO_INCREMENT COMMENT 'Идентификатор строки',
  `name` varchar(255) NOT NULL COMMENT 'Название типа',
  `created_at` datetime DEFAULT CURRENT_TIMESTAMP COMMENT 'Время создания строки',
  `updated_at` datetime DEFAULT CURRENT_TIMESTAMP ON UPDATE CURRENT_TIMESTAMP COMMENT 'Время обновления строки',
  PRIMARY KEY (`id`),
  UNIQUE KEY `name` (`name`)
) ENGINE=InnoDB AUTO_INCREMENT=101 DEFAULT CHARSET=utf8mb4 COLLATE=utf8mb4_0900_ai_ci COMMENT='Типы медиафайлов';
/*!40101 SET character_set_client = @saved_cs_client */;

--
-- Dumping data for table `media_types`
--

LOCK TABLES `media_types` WRITE;
/*!40000 ALTER TABLE `media_types` DISABLE KEYS */;
INSERT INTO `media_types` VALUES (1,'sequi','1980-08-07 08:03:34','1992-11-03 09:19:53'),(2,'vero','2011-11-16 09:49:50','1997-06-16 17:59:28'),(3,'nisi','1977-08-17 22:27:49','1990-07-04 15:57:43'),(4,'occaecati','1981-03-27 16:06:05','1974-06-26 18:40:20'),(5,'iusto','2006-12-16 01:08:24','2005-08-17 05:17:40'),(6,'voluptatem','1985-07-09 04:53:20','2018-06-16 17:06:07'),(7,'voluptatum','1998-11-19 21:54:42','1996-08-05 06:31:22'),(8,'tenetur','2016-07-13 01:18:51','1976-03-28 04:31:21'),(9,'qui','1984-03-22 05:50:18','1979-05-24 08:40:57'),(10,'mollitia','2007-12-29 09:03:14','1972-02-03 06:14:21'),(11,'ea','2016-01-29 12:09:15','1981-08-15 04:36:22'),(12,'ipsa','2011-11-08 09:07:06','1974-05-01 15:03:34'),(13,'sed','1991-07-02 23:55:38','1986-03-05 05:26:37'),(14,'similique','2012-07-25 13:53:23','1981-04-10 16:55:03'),(15,'est','2015-02-22 23:51:16','1973-01-07 23:23:17'),(16,'quis','2012-04-19 21:11:06','1999-06-18 22:14:19'),(17,'corporis','2015-03-28 04:17:43','1998-01-05 13:55:50'),(18,'aut','2011-01-02 18:28:36','1972-01-09 10:18:54'),(19,'dolorum','1972-11-11 04:06:27','1973-06-09 05:38:15'),(20,'praesentium','1984-09-30 22:21:07','1994-02-02 16:41:52'),(21,'sit','1994-04-22 02:21:48','2013-07-05 20:16:59'),(22,'necessitatibus','1970-05-14 17:00:59','2000-03-30 09:51:47'),(23,'earum','1976-12-27 23:08:45','2004-01-02 16:01:27'),(24,'a','1999-01-23 08:14:27','1986-07-05 20:01:46'),(25,'commodi','2020-08-08 05:39:30','2001-09-10 02:33:35'),(26,'dolor','1986-01-20 08:46:11','2015-10-14 01:44:18'),(27,'dolorem','2006-08-10 17:32:27','1988-08-10 06:12:40'),(28,'quam','1972-10-02 23:17:23','2017-05-19 17:14:56'),(29,'ut','2003-10-08 06:38:28','1989-05-22 03:12:51'),(30,'ducimus','1979-08-27 08:21:00','2003-01-28 01:52:14'),(31,'atque','1998-02-06 22:47:44','2014-07-04 04:49:48'),(32,'sint','2020-11-03 04:58:19','1973-07-12 02:42:40'),(33,'consequatur','1972-04-21 05:35:52','2016-09-23 17:28:15'),(34,'quidem','1970-08-26 07:14:13','2009-12-29 17:33:40'),(35,'nihil','1975-11-28 21:09:00','1985-01-09 03:54:49'),(36,'aspernatur','1987-02-09 16:58:11','2019-09-27 01:00:54'),(37,'id','1992-08-31 05:17:33','2018-03-30 18:44:36'),(38,'ullam','1980-12-04 04:12:04','2014-08-18 19:55:33'),(39,'debitis','2013-06-10 12:00:44','1988-10-23 21:35:39'),(40,'fugit','2006-10-16 08:00:05','1975-05-31 12:03:57'),(41,'dolores','2018-11-03 02:41:55','2017-06-27 07:17:19'),(42,'ex','2003-02-10 20:55:14','2003-06-07 09:05:38'),(43,'exercitationem','1974-09-29 08:42:30','2001-05-21 19:49:26'),(44,'vel','1997-04-24 12:33:20','1976-12-16 01:43:44'),(45,'et','1983-02-10 05:23:14','1978-01-21 11:19:58'),(46,'cupiditate','2005-04-10 22:13:15','2012-08-29 16:02:00'),(47,'labore','2011-06-07 04:48:00','2019-03-10 19:58:20'),(48,'ipsam','1972-12-16 19:31:31','2011-01-03 04:28:47'),(49,'odit','1970-08-30 12:06:17','2011-11-15 20:35:35'),(50,'rem','1984-08-25 16:14:19','1989-01-10 13:13:51'),(51,'doloremque','2001-10-04 11:19:46','2020-10-24 05:47:52'),(52,'maxime','1983-10-26 14:14:36','2020-09-06 08:37:47'),(53,'placeat','2013-12-07 12:27:18','1989-09-08 09:56:46'),(54,'illum','2009-09-21 01:47:51','1991-08-11 00:06:33'),(55,'neque','2021-01-09 02:20:43','2019-04-07 07:51:40'),(56,'iure','1980-01-31 05:20:45','1979-03-22 12:52:53'),(57,'recusandae','1973-03-08 02:56:45','1979-04-19 01:39:12'),(58,'eos','1991-11-26 01:16:19','1995-09-17 22:13:47'),(59,'cum','1983-05-30 21:25:58','2013-10-31 22:43:01'),(60,'ratione','2013-01-20 09:10:23','1991-08-13 07:26:59'),(61,'minima','2012-08-27 06:19:56','1974-11-29 16:12:51'),(62,'inventore','1987-05-24 14:34:40','2007-09-19 12:15:42'),(63,'assumenda','1983-03-02 06:19:29','1977-09-12 14:48:38'),(64,'sunt','1993-03-15 09:18:11','1987-04-20 07:01:29'),(65,'porro','2003-02-06 07:55:27','1978-06-09 03:30:15'),(66,'non','1973-07-04 17:38:56','1980-01-23 18:10:33'),(67,'suscipit','1998-12-04 21:40:54','2010-10-07 09:03:49'),(68,'delectus','1974-12-10 06:53:05','2002-04-08 03:27:51'),(69,'expedita','2004-10-10 03:24:46','2007-03-28 22:31:42'),(70,'nulla','1997-04-09 04:08:05','2016-09-15 23:58:35'),(71,'repudiandae','1998-04-01 11:46:15','1971-01-01 13:30:43'),(72,'optio','2015-07-25 23:38:14','1991-07-23 18:23:12'),(73,'voluptas','2013-02-26 06:32:06','2005-01-29 20:48:25'),(74,'nobis','1977-09-09 22:28:29','2000-12-15 14:49:54'),(75,'perspiciatis','2009-03-03 00:40:04','1972-10-29 23:10:58'),(76,'consectetur','2017-01-19 05:23:20','2009-07-25 01:22:38'),(77,'quia','2001-07-23 12:38:23','2021-01-06 09:42:55'),(78,'fugiat','1997-02-18 07:12:21','1988-11-07 11:47:38'),(79,'eum','2006-08-09 11:44:50','1982-03-27 08:20:32'),(80,'itaque','1970-02-03 07:35:18','1990-09-12 08:27:04'),(81,'distinctio','1971-05-01 01:47:17','2011-06-25 14:45:56'),(82,'in','2013-12-21 11:42:24','1979-05-20 01:37:46'),(83,'velit','1977-06-01 21:07:39','2018-05-15 18:38:38'),(84,'quae','1973-06-30 21:42:20','2007-12-20 16:29:55'),(85,'nostrum','2014-11-09 12:07:23','1976-02-04 20:06:59'),(86,'excepturi','1991-10-04 00:10:35','1984-07-18 21:30:33'),(87,'incidunt','1970-01-25 07:17:21','2011-11-04 04:00:18'),(88,'laborum','2016-01-12 02:09:58','1970-01-10 02:29:30'),(89,'sapiente','2013-12-29 15:18:54','1992-08-17 10:05:04'),(90,'doloribus','2007-04-17 03:32:35','1989-06-12 05:15:04'),(91,'facilis','1993-01-29 16:19:04','1971-12-18 11:57:36'),(92,'magnam','1986-09-18 11:28:12','2003-07-31 11:40:36'),(93,'quisquam','1978-11-29 06:01:25','1979-04-18 08:25:02'),(94,'rerum','2008-10-13 07:48:49','1983-01-03 08:55:21'),(95,'dicta','2000-08-15 06:14:58','2006-03-17 02:40:40'),(96,'modi','1985-07-29 14:44:21','1979-02-04 11:21:35'),(97,'autem','1991-01-30 16:37:54','1987-01-19 16:14:22'),(98,'alias','1979-12-06 01:15:46','1982-04-03 01:29:44'),(99,'quos','1982-08-13 02:52:10','1971-05-03 21:06:31'),(100,'possimus','1980-03-28 06:19:57','1977-03-03 04:26:21');
/*!40000 ALTER TABLE `media_types` ENABLE KEYS */;
UNLOCK TABLES;

--
-- Table structure for table `messages`
--

DROP TABLE IF EXISTS `messages`;
/*!40101 SET @saved_cs_client     = @@character_set_client */;
/*!50503 SET character_set_client = utf8mb4 */;
CREATE TABLE `messages` (
  `id` int unsigned NOT NULL AUTO_INCREMENT COMMENT 'Идентификатор строки',
  `from_user_id` int unsigned NOT NULL COMMENT 'Ссылка на отправителя сообщения',
  `to_user_id` int unsigned NOT NULL COMMENT 'Ссылка на получателя сообщения',
  `body` text NOT NULL COMMENT 'Текст сообщения',
  `is_important` tinyint(1) DEFAULT NULL COMMENT 'Признак важности',
  `is_delivered` tinyint(1) DEFAULT NULL COMMENT 'Признак доставки',
  `created_at` datetime DEFAULT CURRENT_TIMESTAMP COMMENT 'Время создания строки',
  `updated_at` datetime DEFAULT CURRENT_TIMESTAMP ON UPDATE CURRENT_TIMESTAMP COMMENT 'Время обновления строки',
  PRIMARY KEY (`id`)
) ENGINE=InnoDB AUTO_INCREMENT=101 DEFAULT CHARSET=utf8mb4 COLLATE=utf8mb4_0900_ai_ci COMMENT='Сообщения';
/*!40101 SET character_set_client = @saved_cs_client */;

--
-- Dumping data for table `messages`
--

LOCK TABLES `messages` WRITE;
/*!40000 ALTER TABLE `messages` DISABLE KEYS */;
INSERT INTO `messages` VALUES (1,1,1,'Quam alias rerum molestiae non. Et odio cum numquam tempora et sit autem. Quibusdam dolorem rerum quam minus beatae fuga. Sed praesentium reprehenderit recusandae in vero facilis omnis.',1,0,'1989-09-25 17:43:36','1990-10-20 01:27:47'),(2,2,2,'Facilis nobis voluptas blanditiis ipsam. Qui ut et quo error soluta error.',0,1,'2020-08-14 09:31:18','2011-01-02 12:44:14'),(3,3,3,'Suscipit adipisci earum praesentium vel cupiditate. Illum maiores sit est mollitia delectus nulla optio omnis. Praesentium praesentium facere accusantium quod atque ab. Est tempora debitis dicta autem optio commodi.',1,0,'2010-09-13 06:12:43','1971-02-15 06:38:49'),(4,4,4,'Enim adipisci est autem autem optio harum aut. Sequi quos inventore et qui modi non.',0,1,'1985-08-13 12:02:24','1986-07-11 12:11:53'),(5,5,5,'Aperiam et et laborum harum numquam iure. Atque eaque officia iusto voluptatem saepe aut. Quis quod aperiam labore sunt dolor veritatis.',1,1,'2004-09-14 11:04:55','1998-07-30 17:04:01'),(6,6,6,'Labore quaerat non expedita molestiae tenetur sint labore eum. Cum corrupti fugit sed temporibus et inventore.',0,0,'2009-12-30 01:27:36','1985-02-06 05:55:35'),(7,7,7,'Esse qui porro voluptas rem. Aut non ut id ex reprehenderit aut et. Delectus aut laboriosam ut non ea.',1,0,'1986-01-27 08:10:46','2001-03-26 00:46:28'),(8,8,8,'Excepturi beatae sed quisquam veritatis eum vitae reiciendis. Ipsa sapiente ducimus et sapiente magni eligendi. Optio cupiditate et ut esse. Officiis perferendis aut quasi et veniam aut molestiae.',0,0,'1982-01-16 03:15:27','2020-10-10 23:17:54'),(9,9,9,'Animi vel et voluptatum. A quo tempore qui labore quam aspernatur est molestiae. Fugit harum quidem ea omnis sit quas aperiam eius. Voluptatem quam est ea voluptas quia molestiae.',1,1,'1970-07-14 21:40:09','2005-09-28 19:28:23'),(10,10,10,'Maiores ullam labore accusantium labore eius ratione. Cupiditate et autem omnis sit atque et. Quis facilis error voluptate aut. Repudiandae libero tenetur reiciendis laboriosam suscipit natus et cum.',1,1,'1990-01-08 19:20:56','1996-01-31 16:31:54'),(11,11,11,'Expedita ea illum ut pariatur odit. Quod itaque laborum dolorum sed mollitia perferendis. Error ex autem illo laborum ut iure. Aperiam nemo tenetur accusamus quia illum.',0,0,'2004-11-18 19:18:13','2007-01-05 12:22:45'),(12,12,12,'Non at repudiandae corporis aut voluptatibus voluptate. Voluptates est aut nostrum beatae. Assumenda quaerat molestiae modi est nam. Consequatur id nesciunt qui quo ex sint.',0,0,'1988-02-14 08:53:18','1984-08-15 03:04:46'),(13,13,13,'Ut architecto enim dolorem. Ut ipsam nostrum odit voluptatum quo velit tenetur. Inventore non placeat optio magni saepe rerum aliquid suscipit.',0,1,'2015-01-30 20:12:32','1996-05-06 08:16:35'),(14,14,14,'Totam ipsam saepe asperiores. Omnis aut assumenda iste reiciendis dicta impedit. Quia tempore voluptatibus voluptatem facilis omnis at sed.',1,1,'2010-02-15 14:28:34','2011-10-11 09:14:35'),(15,15,15,'Voluptatem possimus omnis qui quisquam atque qui. Aspernatur ipsum voluptatem omnis aut quidem dolore in. Laboriosam facere voluptates cumque adipisci aut.',1,0,'2008-02-09 11:39:24','2011-10-14 08:19:20'),(16,16,16,'Dolorem facere cupiditate aut. Dignissimos repudiandae laboriosam minus occaecati commodi repudiandae. Rem dignissimos esse magnam pariatur repudiandae.',1,0,'2001-03-02 07:58:56','2000-11-21 15:23:40'),(17,17,17,'Tenetur dolorem magnam consequatur incidunt quidem maiores culpa. Ut repudiandae autem omnis est quidem ut. Expedita illum nihil esse nihil.',1,0,'2005-12-05 19:07:55','1977-08-17 06:57:40'),(18,18,18,'Et sint id quis tempora dolorem nihil. Nobis et dolores neque alias quis. Aperiam temporibus aut aspernatur dolore non et reiciendis. Est deleniti consequatur aut voluptas sapiente dolorem itaque.',1,1,'1970-05-24 01:47:27','2005-12-17 00:40:56'),(19,19,19,'Id autem quo odit optio. Quibusdam ipsum autem fuga tenetur tempore ipsum modi. Sit dolor at modi sit voluptatem voluptas dignissimos. Dolores omnis eius deserunt.',0,0,'2003-10-12 14:03:34','2005-10-22 19:39:58'),(20,20,20,'Occaecati repellendus tempora itaque fuga est. Nam ut officia voluptate labore provident est dolore et. Magni quia maiores ipsam dolores. Libero expedita dolor incidunt.',1,1,'1978-12-04 23:20:06','2009-11-02 00:21:44'),(21,21,21,'Alias sed eos cumque consequuntur error. Molestiae ut iusto id eius. Ut omnis assumenda consequuntur perferendis dolorum.',1,1,'1985-11-29 06:23:53','1998-09-02 14:07:56'),(22,22,22,'Doloribus ipsum sit doloremque vitae voluptate nemo cum sapiente. Repellat hic et est quia aut animi. Velit optio voluptas culpa et.',0,1,'2020-10-16 16:46:17','1997-04-28 03:04:07'),(23,23,23,'Natus praesentium nihil libero blanditiis natus necessitatibus omnis. Ea sed tempora deserunt sit ut repudiandae eaque. Quasi velit delectus molestiae voluptatem aliquid.',1,0,'2016-07-30 20:25:54','1984-03-28 18:49:46'),(24,24,24,'Quod et vel harum. Sed alias libero vel sequi. Sit quo quos et porro deleniti. Unde natus et dicta laudantium.',1,0,'2016-02-20 01:42:14','1973-12-11 16:10:51'),(25,25,25,'Tempora delectus praesentium fuga id. Perferendis culpa odit sit impedit odio ad non omnis. A vitae harum qui in.',1,1,'1997-01-15 00:03:12','2000-07-16 14:44:35'),(26,26,26,'Dignissimos ea dolor eum. Vel aut voluptatibus voluptatibus doloremque. Expedita voluptatem exercitationem voluptates in.',0,1,'2002-11-01 04:32:08','2015-11-17 18:58:21'),(27,27,27,'Rerum saepe aliquam exercitationem itaque totam. Esse vel quam consequatur dolor. Pariatur dolorem iusto accusantium sit.',0,0,'1982-05-11 01:42:13','2012-10-23 15:36:02'),(28,28,28,'Voluptatum illum quae numquam pariatur architecto distinctio voluptas. Incidunt asperiores facilis explicabo maiores ut nemo quam temporibus. Magnam accusamus enim et sunt nihil non vel sed.',1,1,'1987-06-13 14:38:21','2009-12-31 08:00:02'),(29,29,29,'Dolores sapiente voluptatem commodi optio expedita labore non. Dolores ex et molestiae eum iusto et. Sit qui quia ad amet in sit. Sint facere et earum amet et et.',1,1,'1991-12-29 01:15:35','1975-08-29 19:47:59'),(30,30,30,'Quia quisquam ex unde debitis atque qui eos. Repellat vitae fugit impedit molestiae modi exercitationem cum. Deleniti harum aut explicabo assumenda labore accusamus nihil.',0,1,'2001-12-21 02:06:28','1989-09-10 22:11:57'),(31,31,31,'Ab velit enim possimus quibusdam mollitia expedita. Necessitatibus iure eum eum vel. Culpa doloribus sapiente eveniet. Repellat quo facere iusto odio rerum.',1,0,'1976-01-20 02:33:13','2012-06-06 17:57:22'),(32,32,32,'Aspernatur et dicta eos quibusdam. Beatae aspernatur fuga quis saepe. Et ipsum eius necessitatibus non aspernatur ex. Harum itaque est adipisci expedita omnis delectus error.',1,0,'1985-10-18 16:21:41','1999-06-15 11:31:27'),(33,33,33,'Ea expedita minus recusandae sunt mollitia. Voluptatibus voluptatem dolorum maiores praesentium aut sint id id. Modi doloribus eligendi eius qui.',1,1,'1973-06-08 20:27:26','1984-01-05 06:19:42'),(34,34,34,'Optio fugit consequatur excepturi sit qui dolorem. Maiores sit distinctio unde quo. Tempore quae dignissimos consectetur.',0,1,'1971-02-10 07:21:14','1984-01-27 16:03:48'),(35,35,35,'Quidem omnis modi ipsa enim. Enim consequatur odio ea a odio. Ex facere eum eum nostrum et.',0,0,'1970-08-16 22:54:03','2006-10-15 07:12:46'),(36,36,36,'Ipsa rerum dolor provident illum. Laborum blanditiis omnis ad quasi autem molestiae.',1,1,'1991-10-18 18:09:33','1986-01-04 03:23:10'),(37,37,37,'Dolores atque voluptatem officia dolor ut perspiciatis. Id possimus numquam illum sunt molestiae dolores nihil.',0,1,'2008-03-20 11:40:42','2004-02-23 22:55:57'),(38,38,38,'Dolorem aliquid est nesciunt nihil aut ipsam fugiat. Repellat laudantium itaque quo necessitatibus vitae. Suscipit maiores sint ad et. Officiis veniam voluptatem deleniti dolor dicta.',0,1,'2005-01-20 20:21:10','2001-02-28 19:50:41'),(39,39,39,'Consectetur ut molestias tempora libero expedita. Et quis tenetur est est rerum eveniet. Ipsa temporibus sequi non quidem aspernatur est. Et ut dolore aliquid eum.',1,1,'1983-01-19 17:29:18','1993-07-20 10:28:53'),(40,40,40,'Qui ut quia sit magni est similique. Tenetur labore repellat omnis. Voluptatibus qui reiciendis velit tempore possimus quo.',0,1,'1984-06-20 13:26:06','1995-10-25 21:34:42'),(41,41,41,'Perspiciatis et quo illum explicabo. Praesentium rerum voluptatum fugit enim nemo deserunt earum. Voluptatum consequuntur incidunt est maxime libero facilis asperiores voluptatem.',0,0,'2009-03-06 19:54:56','1971-03-07 01:29:40'),(42,42,42,'Id nulla vitae nostrum voluptas id non voluptatem. Non voluptatibus beatae iste. Excepturi soluta nostrum aut fugit sint cum. Incidunt magnam exercitationem sed cupiditate vel.',1,0,'2018-12-12 17:31:46','1975-12-24 06:14:02'),(43,43,43,'Soluta quis aut nihil et a. Amet at deserunt ipsam sit earum pariatur harum.',0,0,'1970-02-16 02:52:25','1991-08-13 06:32:17'),(44,44,44,'Sint deserunt dolorum dolores distinctio aut. Eaque ducimus libero omnis sit. Est reprehenderit ea unde dolores a illum. Saepe illo at cum enim qui nam.',1,0,'1989-05-19 02:20:07','1973-04-08 01:32:17'),(45,45,45,'Hic rerum modi suscipit ratione ea iusto quaerat. Ut ipsam blanditiis voluptas asperiores harum. Eius omnis eveniet ipsum enim saepe numquam. Voluptatibus maiores natus voluptatum iusto quisquam.',1,1,'1998-09-05 04:53:46','1980-06-08 01:16:54'),(46,46,46,'Dolor voluptatem dolore consectetur est rem expedita. Asperiores vel sint enim aut. Voluptas voluptatum non soluta dolor at. Pariatur odit nesciunt quia facere quasi.',0,0,'1997-10-01 17:46:13','1974-12-04 20:44:02'),(47,47,47,'Quia sapiente dolores repellendus. Quia repudiandae est dolore voluptatem ducimus minus. Commodi sequi impedit nesciunt nobis voluptatem. Ratione quos quaerat est dolorum nostrum ex ut. Dolor nam eaque doloribus harum doloribus omnis.',0,0,'1997-06-25 19:37:25','1995-08-05 19:42:17'),(48,48,48,'Quis veritatis corporis non omnis maxime reprehenderit enim. Voluptatem quia ab iusto quia laudantium. Ad ut quaerat vel debitis. Doloribus ipsam quaerat dolorem at quidem. Explicabo numquam molestiae aut ratione et nobis.',0,0,'1977-07-06 07:14:54','1973-09-13 22:09:26'),(49,49,49,'Facilis labore totam corporis nihil sit et corporis quia. Maxime ipsam doloribus id quaerat magni et. Odit iste incidunt quam asperiores ea dolore est. Aperiam quasi maxime magnam rem enim soluta placeat doloribus.',1,1,'2005-01-15 12:13:17','2012-09-25 00:33:41'),(50,50,50,'Est non rerum aut eum harum tempora. Ea vero corporis aut quae reiciendis accusamus. Architecto dolor voluptatibus dolorem numquam assumenda commodi mollitia. Voluptatem quibusdam mollitia ullam autem sunt autem consectetur.',0,1,'2015-05-07 02:33:06','2016-07-31 08:51:56'),(51,51,51,'Animi aut nam sit blanditiis. Consequatur nobis nostrum ea tempore repellat. Maxime totam tempore voluptas et impedit ea.',1,1,'1991-07-08 21:30:35','1972-12-04 07:40:21'),(52,52,52,'Nihil nesciunt tempore voluptatem occaecati ut voluptatibus facilis. Consequatur vel porro totam blanditiis. Sit nulla repudiandae voluptas aut ab. Commodi perspiciatis qui aut qui expedita.',0,1,'1995-04-20 15:31:02','1996-06-23 16:01:45'),(53,53,53,'Commodi atque quis soluta sit rerum. Quis debitis accusantium natus expedita corrupti pariatur voluptas. Quidem consequatur nostrum et vitae a vel. Repudiandae corporis necessitatibus accusamus ut maxime quaerat.',0,1,'2001-07-11 04:21:11','2020-07-28 08:37:54'),(54,54,54,'Quo vel est distinctio nesciunt. Molestiae perspiciatis dolor cupiditate deserunt culpa accusamus. Possimus ut nobis laudantium dolores iste non.',1,1,'1973-10-11 02:15:43','2003-01-05 14:19:39'),(55,55,55,'Voluptatem placeat dolores minus quod. Tempore ex eum saepe. Sed aliquid ipsam autem consequatur optio.',1,1,'2010-03-16 22:16:18','1986-08-28 02:11:10'),(56,56,56,'Eaque consequuntur voluptatem similique. Aspernatur ipsa aut ipsam consequatur commodi sit quibusdam. Cumque est nemo eaque delectus distinctio facere voluptatem et. Nostrum reprehenderit voluptate fugit sit quaerat odio.',0,1,'1994-02-25 02:40:57','1980-04-02 16:55:23'),(57,57,57,'Consequatur repellat quasi rerum assumenda. Quae distinctio dolores rerum accusamus reprehenderit porro in. Voluptatem neque nemo nam quo officiis tenetur. Asperiores aspernatur culpa expedita exercitationem id reiciendis.',1,0,'2016-12-10 17:42:52','1982-11-18 00:43:29'),(58,58,58,'Amet commodi enim quam odio tempora aspernatur ab. Vero voluptatem in eligendi neque neque. Similique ab occaecati consequuntur quasi qui.',0,0,'1976-08-02 03:27:00','1998-09-05 03:02:24'),(59,59,59,'Illum quisquam nisi ut dignissimos qui ipsam. Optio adipisci quidem illo. Voluptatem sapiente et asperiores molestiae.',1,1,'1999-01-12 14:38:23','1975-11-13 20:18:29'),(60,60,60,'Placeat sunt itaque voluptas consequatur qui voluptas. Sed magnam provident corrupti. Asperiores voluptas nulla neque tempore.',0,1,'1993-09-17 04:51:24','1984-03-20 12:07:09'),(61,61,61,'Asperiores cum voluptatum nesciunt ducimus sint nostrum aut. Quam consequatur consequatur ratione. Omnis eius qui dignissimos error sint.',0,1,'2002-02-11 17:30:09','2007-07-13 11:36:49'),(62,62,62,'Cupiditate et non nulla recusandae ut dicta autem incidunt. Nulla quo reprehenderit vitae. Voluptates sed placeat illum saepe repellat dolorum minus. Autem saepe dicta velit voluptatibus voluptatem.',0,0,'2020-03-19 14:58:48','2002-04-03 12:14:17'),(63,63,63,'Aut asperiores dolore consequatur. Vel voluptas omnis sint sit. Quia consequatur quos enim occaecati neque distinctio tempore architecto.',1,1,'2009-11-18 19:53:20','1977-02-23 02:33:49'),(64,64,64,'Voluptate non inventore eos incidunt ab dignissimos. Qui omnis et maxime debitis. Accusamus quis qui itaque. Sunt eum ipsa error nostrum quo.',1,0,'1975-06-27 17:27:20','1999-12-04 18:39:14'),(65,65,65,'Non commodi iure eius consequatur blanditiis. Ea voluptatum labore autem aspernatur et. Velit modi animi nobis nesciunt quos error.',1,1,'1970-12-07 22:08:50','2013-10-08 14:05:03'),(66,66,66,'Velit laborum ut sapiente qui cupiditate possimus. Ut vel ipsum nemo repudiandae. Voluptatem velit est error numquam. Consequuntur fugiat laudantium sed quod officia est.',1,1,'1994-12-30 11:33:06','1973-09-26 13:03:43'),(67,67,67,'Voluptates quia saepe qui quis repellat. Fugiat eveniet laboriosam possimus sequi voluptate. Quis laboriosam numquam cum nemo quasi molestiae.',1,1,'1993-05-06 20:52:45','1980-02-04 05:59:14'),(68,68,68,'Sed saepe at commodi. Nostrum error voluptas labore quis quia molestias. Aut earum laboriosam officiis iste velit et ipsa impedit. Dolores voluptatem ut est et expedita blanditiis ipsa.',0,0,'2007-07-12 19:36:14','1977-09-13 13:39:09'),(69,69,69,'Aut inventore nemo ut enim atque. Laborum quod eos sed perspiciatis incidunt et rerum. Est temporibus est rem nostrum ut ut.',0,1,'1990-06-07 19:44:56','2002-02-24 22:06:30'),(70,70,70,'Nulla in dolorem consequatur explicabo voluptas aut mollitia. Consequatur corrupti aspernatur et accusamus. Repellendus doloremque et excepturi et blanditiis sed eum.',0,0,'2013-05-15 08:08:49','1970-04-18 19:21:19'),(71,71,71,'Et qui perferendis unde unde eum qui. Fugit earum sed eligendi id earum omnis. Nobis eligendi ut autem eos provident magnam nam.',1,0,'1997-06-21 21:15:48','1996-09-02 03:41:50'),(72,72,72,'Culpa repellendus architecto amet quae enim. Quia tenetur sint et. Enim accusamus est reiciendis.',1,1,'2018-05-16 22:14:07','2000-06-20 13:59:39'),(73,73,73,'Necessitatibus nam est adipisci libero labore. Ea perspiciatis debitis et neque repellat ut consectetur. Quidem eveniet delectus ea sunt enim asperiores.',1,0,'1998-12-08 08:02:12','2016-09-04 04:32:33'),(74,74,74,'Quae consectetur voluptatem ad error. Animi corporis ducimus esse corrupti quod dolore. Ut odio laudantium non. Voluptatem excepturi nemo voluptatem quia ea eius.',0,1,'1973-03-02 23:30:07','1974-09-21 21:52:02'),(75,75,75,'Sunt molestiae omnis dolorem voluptatem occaecati facere odit. Et qui rem nostrum aliquam ex et aut. Ullam nam accusamus molestiae inventore. Beatae qui rerum quia voluptatum veritatis qui et.',1,1,'1971-10-28 15:02:40','1995-12-21 18:05:02'),(76,76,76,'Fugiat impedit autem quis consequatur molestiae. Quam quia qui omnis labore minus. Ut non quas id reiciendis eum optio qui. Ullam repellat dolorem ut recusandae sunt est.',1,0,'2005-08-15 13:22:19','2001-03-31 09:35:06'),(77,77,77,'Architecto dolores voluptatem eius ut. Ea in dolores nulla. Eius porro voluptatum pariatur itaque inventore.',0,1,'2007-04-12 13:30:42','2020-12-02 20:54:13'),(78,78,78,'Eligendi assumenda nulla recusandae atque et in. Qui nesciunt accusantium id voluptatem magni rem. Sint id exercitationem tempore quam. Sint aut nisi vel laboriosam dolor.',1,0,'1987-11-23 13:04:29','1988-04-25 10:59:18'),(79,79,79,'Aliquid aut et dolor ut dolor aut asperiores non. Quia quisquam nostrum ut delectus ut. Voluptas unde natus rem quos qui. Et officia nihil perspiciatis sint sit earum. Placeat illo dicta itaque consectetur amet quaerat.',1,1,'1971-12-15 20:41:17','2013-07-20 06:09:42'),(80,80,80,'Dolorem debitis consequatur animi nam illo. Saepe molestiae quaerat fugiat. Earum inventore veritatis aut tempore. Voluptas voluptatem natus dicta et quaerat.',1,1,'2000-05-02 17:50:19','1985-11-02 11:14:14'),(81,81,81,'Culpa ut rerum itaque est. Odit quia praesentium at incidunt quae omnis. Aspernatur molestiae tenetur est voluptas et. Voluptates autem eveniet voluptas laudantium magni sed. Odit dicta et sed porro velit inventore provident magni.',1,0,'2001-09-17 06:58:22','2009-06-12 20:25:55'),(82,82,82,'Omnis et perferendis aliquid illum. Officia pariatur iure quo accusantium rerum aut. Eligendi praesentium et quod est.',1,1,'1980-07-13 14:06:47','2015-12-28 03:36:32'),(83,83,83,'Quibusdam deserunt et tempora ut suscipit magni eos eum. Quos quia dolores sint hic repudiandae.',1,0,'2008-07-24 19:00:08','2013-08-27 02:12:04'),(84,84,84,'Quia quos assumenda et rerum vel autem praesentium nihil. Natus voluptatem in facere inventore voluptate nostrum. Et consequatur vel facere id.',0,1,'1982-07-01 03:31:44','1976-03-08 02:15:46'),(85,85,85,'Natus reiciendis veritatis laborum numquam. Magni aut culpa possimus ex ullam odio quis et. Voluptas odio cupiditate assumenda sit eius dicta molestiae. Voluptate unde aspernatur pariatur omnis.',1,0,'2014-11-28 07:07:05','1988-08-15 12:44:22'),(86,86,86,'Et delectus et culpa eius fugiat tenetur. Cupiditate id ad molestias culpa ipsam impedit illum. Aperiam dicta possimus libero aliquam.',0,1,'1984-05-11 13:31:08','1999-09-27 04:52:44'),(87,87,87,'Soluta reprehenderit quasi quam sit. Exercitationem id non recusandae impedit libero. Ab sit et vel. Porro ullam modi repellat dolorem minus consequuntur.',1,1,'1995-01-05 14:59:40','2015-06-13 16:05:56'),(88,88,88,'Quo at distinctio molestiae quaerat quod. Hic itaque quasi deserunt. Modi ut id earum nulla unde.',1,1,'1972-08-08 22:22:09','1992-12-08 06:34:17'),(89,89,89,'Molestiae qui repellendus nam ad et et quibusdam dolor. Temporibus autem in consequatur et quidem facere.',0,0,'1999-11-03 22:37:18','2017-06-26 19:37:48'),(90,90,90,'Quae repellendus maiores dolorem similique officia fugiat. Ad ut mollitia illo dolorem ut non.',0,1,'2020-08-31 23:19:44','1991-12-30 11:37:25'),(91,91,91,'Et facilis sed tempora. Qui voluptate rem et sit. Minima dicta consequatur et beatae accusantium. Non omnis officia quasi officia quis.',0,1,'1998-06-21 03:01:42','1983-05-17 21:53:25'),(92,92,92,'Facere voluptate amet nemo dicta deserunt. Deleniti soluta est ullam. Quia facere quia pariatur et.',0,1,'1978-03-23 13:33:22','2006-01-09 12:40:17'),(93,93,93,'Vel soluta deserunt repellendus suscipit. Sapiente nulla at quos perferendis sit. In consequatur soluta fugit et consectetur.',1,1,'1984-11-15 17:17:46','1978-09-25 00:49:40'),(94,94,94,'Est laboriosam quod vel nemo reprehenderit laudantium sit. Possimus id repellendus repellat voluptates.',0,1,'1983-08-24 11:01:58','2020-10-07 09:57:50'),(95,95,95,'Dolorem quisquam quis laboriosam recusandae esse officia illum. Voluptates et voluptatem aut asperiores inventore. Qui sapiente magnam ea dicta. Exercitationem dolore dolorem omnis dolor.',1,0,'2016-04-27 12:31:06','2007-01-15 01:29:35'),(96,96,96,'Id aperiam libero quaerat ut quia. Minima ipsa commodi voluptatem dicta quod. Temporibus aut deserunt ut rerum itaque maiores.',0,1,'1998-08-08 04:02:15','1985-09-17 01:12:54'),(97,97,97,'Est ullam pariatur sit. Deserunt corrupti impedit maiores et aliquid ut. Quia distinctio ut dolorum aliquam ipsum. Aut dignissimos sint quam et soluta consequatur quo.',1,1,'1974-12-26 08:31:01','1987-03-22 21:15:57'),(98,98,98,'Amet alias velit blanditiis beatae. Incidunt quibusdam reprehenderit consectetur hic aliquam voluptatem. Nesciunt saepe illo eveniet vel sit laudantium voluptas consequuntur.',0,0,'1999-04-15 04:50:14','2005-08-14 07:37:08'),(99,99,99,'Quo eius quas sed accusantium. Sunt quo et maiores labore quibusdam ipsa quia. Enim facere distinctio id esse sunt qui saepe. Omnis soluta ea ratione similique rem praesentium quam iusto.',0,0,'1978-06-30 13:04:53','1983-07-27 16:45:47'),(100,100,100,'Id nulla placeat vitae. Reprehenderit pariatur voluptate omnis. Facere nisi temporibus rerum iure atque culpa earum. Est aut error asperiores sed.',0,1,'1991-04-03 03:45:50','2008-01-30 22:59:14');
/*!40000 ALTER TABLE `messages` ENABLE KEYS */;
UNLOCK TABLES;

--
-- Table structure for table `profiles`
--

DROP TABLE IF EXISTS `profiles`;
/*!40101 SET @saved_cs_client     = @@character_set_client */;
/*!50503 SET character_set_client = utf8mb4 */;
CREATE TABLE `profiles` (
  `user_id` int unsigned NOT NULL COMMENT 'Ссылка на пользователя',
  `gender` char(1) NOT NULL COMMENT 'Пол',
  `birthday` date DEFAULT NULL COMMENT 'Дата рождения',
  `photo_id` int unsigned DEFAULT NULL COMMENT 'Ссылка на основную фотографию пользователя',
  `status` varchar(30) DEFAULT NULL COMMENT 'Текущий статус',
  `city` varchar(130) DEFAULT NULL COMMENT 'Город проживания',
  `country` varchar(130) DEFAULT NULL COMMENT 'Страна проживания',
  `created_at` datetime DEFAULT CURRENT_TIMESTAMP COMMENT 'Время создания строки',
  `updated_at` datetime DEFAULT CURRENT_TIMESTAMP ON UPDATE CURRENT_TIMESTAMP COMMENT 'Время обновления строки',
  PRIMARY KEY (`user_id`)
) ENGINE=InnoDB DEFAULT CHARSET=utf8mb4 COLLATE=utf8mb4_0900_ai_ci COMMENT='Профили';
/*!40101 SET character_set_client = @saved_cs_client */;

--
-- Dumping data for table `profiles`
--

LOCK TABLES `profiles` WRITE;
/*!40000 ALTER TABLE `profiles` DISABLE KEYS */;
INSERT INTO `profiles` VALUES (1,'6','1974-04-06',5,'Ut architecto itaque doloremqu','West Greggchester','Hong Kong','2011-02-08 12:53:06','2019-08-12 19:40:45'),(2,'1','2003-07-06',4,'Exercitationem officia a quibu','West Felicita','Zimbabwe','1972-10-15 10:08:15','1987-01-02 22:52:41'),(3,'3','1981-10-29',8,'Error aut eum suscipit esse. T','South Enosfurt','Wallis and Futuna','2018-10-27 01:26:27','2014-12-15 18:57:31'),(4,'6','2012-08-30',3,'Repellat hic aut nam sit. Cons','South Odie','Hungary','1971-07-20 08:59:46','1993-02-05 14:10:51'),(5,'1','2010-06-17',7,'Sunt necessitatibus mollitia e','East Queenberg','Liechtenstein','1997-08-07 01:53:51','2000-06-30 06:14:13'),(6,'9','2015-05-18',9,'Quia molestiae dolor reiciendi','New Sincereberg','Martinique','1981-01-05 03:24:01','1995-06-10 16:47:26'),(7,'2','2014-12-26',4,'Sunt aut explicabo qui aliquid','New Hallie','Mauritania','1987-07-11 01:44:30','1975-09-02 22:03:58'),(8,'6','2012-04-05',2,'Laudantium officia ut ipsam ma','East Joesphmouth','French Guiana','1984-06-04 07:46:03','2001-12-24 06:35:50'),(9,'7','2015-02-16',7,'Exercitationem suscipit laudan','Jessikaberg','New Caledonia','1998-05-21 18:08:32','1977-02-05 00:24:12'),(10,'8','1985-07-16',9,'Quos explicabo eum quis archit','Johnsonchester','United States of America','1987-10-23 20:54:52','1995-07-25 03:05:54'),(11,'1','1973-02-13',7,'Nisi architecto eaque sit at. ','South Kaitlinbury','Cambodia','1975-08-26 06:12:10','1984-06-12 22:09:53'),(12,'8','1984-07-30',3,'Quibusdam iste laborum assumen','Lake Constantin','Saint Martin','1999-11-20 14:49:02','2011-03-31 09:30:57'),(13,'6','1996-02-18',1,'Odio ducimus vitae libero hic ','South Loraineberg','Tokelau','1979-10-15 17:45:21','1996-03-11 12:25:18'),(14,'6','2017-12-10',3,'Ut odit magnam necessitatibus ','North Gabriellaside','New Zealand','1989-06-10 21:01:10','1978-03-19 17:50:00'),(15,'4','1988-11-27',7,'Et ut modi quisquam soluta. Bl','West Brandonside','Burkina Faso','2014-06-09 07:37:15','1985-11-04 02:00:39'),(16,'7','1998-02-28',9,'Provident incidunt esse est es','Jolieshire','Yemen','1992-09-23 05:06:32','1992-10-31 13:55:59'),(17,'2','2004-03-14',8,'Aut sit quidem rerum quibusdam','Lake Juliannefort','Isle of Man','2001-02-03 03:34:12','1973-10-25 11:55:40'),(18,'9','1998-10-14',2,'Voluptas maiores occaecati occ','Danielmouth','Nepal','1971-03-04 05:26:28','1988-03-10 08:11:38'),(19,'9','1991-02-08',2,'Ratione beatae quo voluptas. I','West Herminashire','Vietnam','1990-11-30 14:32:49','1994-08-10 11:59:44'),(20,'6','1980-09-09',7,'Eos animi fugiat iusto dolor n','Lake Kylerport','Azerbaijan','2013-11-23 16:28:14','2009-05-12 14:11:47'),(21,'7','1996-03-24',5,'Tempora laudantium impedit ear','New Lillianamouth','Tuvalu','2011-08-21 19:10:48','1991-04-16 23:21:56'),(22,'5','2016-11-19',2,'Voluptate dolor quia at aliqua','East Treva','Slovakia (Slovak Republic)','2016-07-31 13:44:03','1986-12-08 07:41:04'),(23,'5','1974-04-08',6,'Velit enim eligendi et quasi q','Hoppefurt','Russian Federation','1987-02-08 02:33:03','1986-09-22 11:53:52'),(24,'2','1990-08-19',8,'Quidem magni voluptatem et est','East Josephine','Cameroon','1972-04-14 04:54:14','1996-12-21 08:50:24'),(25,'7','1980-06-02',3,'Beatae quibusdam totam quos ut','Danikastad','Belize','2005-07-26 00:24:04','1972-11-19 19:10:13'),(26,'5','2010-10-23',9,'Molestias aut accusamus quod o','West Randall','Tanzania','1988-07-04 20:49:09','1989-10-15 13:19:27'),(27,'4','1970-02-06',8,'Ut tenetur et rerum amet recus','Lamontview','Croatia','1987-01-27 19:21:30','1974-03-10 06:36:55'),(28,'9','2009-08-23',5,'Dolor et enim esse dolorem lau','Lake Isabell','Ireland','1991-12-25 03:52:57','2011-04-25 18:11:54'),(29,'9','2007-08-03',9,'Facilis maiores qui molestiae ','Pollichville','Namibia','2008-10-04 18:01:44','1976-09-26 04:16:46'),(30,'1','1989-11-10',8,'Nisi enim sunt hic error omnis','Haileyfurt','Guyana','1978-11-09 10:10:45','2000-02-01 09:17:44'),(31,'4','1997-07-11',7,'Amet omnis consequatur at ut e','New Doyleville','Fiji','2003-07-04 00:18:57','1993-08-09 18:13:28'),(32,'1','1982-05-06',8,'Eveniet odit quod nihil invent','West Devinmouth','Falkland Islands (Malvinas)','1985-06-22 06:19:01','2017-10-15 16:18:39'),(33,'7','2002-09-05',4,'Et omnis temporibus quia dolor','Jessytown','Peru','2017-02-24 11:27:07','1978-07-10 19:46:53'),(34,'7','1981-08-17',4,'Fuga natus optio quia nesciunt','Port Eddport','Svalbard & Jan Mayen Islands','1971-01-25 15:51:01','1973-11-22 01:45:10'),(35,'5','1984-02-13',1,'Rerum voluptate sint vel. Labo','Bonitastad','Honduras','2005-03-09 07:53:51','1974-02-01 12:20:26'),(36,'','1989-04-13',1,'Ut mollitia libero ut sequi ar','North Olenshire','Solomon Islands','1994-09-22 05:33:07','1981-09-18 12:24:06'),(37,'7','2019-10-13',9,'Pariatur nemo qui quae eligend','New Emile','Western Sahara','1996-07-07 04:58:37','1985-09-06 00:27:19'),(38,'3','1996-06-24',6,'Omnis cupiditate ea sint. Quas','Port Calistahaven','Zimbabwe','1997-05-24 14:04:24','1974-09-28 19:54:03'),(39,'9','1978-06-20',1,'Sapiente laudantium magnam et ','Port Gustberg','Anguilla','1978-03-03 16:32:46','2010-08-21 19:02:55'),(40,'2','1978-04-26',9,'Consectetur eum ab nostrum et.','Lake Jerome','Montserrat','2018-09-13 17:06:26','2015-12-23 17:14:39'),(41,'9','1984-11-13',3,'Hic consequatur autem temporib','Port Chyna','Libyan Arab Jamahiriya','1982-01-02 17:55:54','2018-05-02 16:50:17'),(42,'1','2000-06-09',3,'Mollitia sapiente qui in repud','Lexieshire','Cote d\'Ivoire','2006-05-12 05:58:12','1987-06-11 03:00:34'),(43,'5','1981-01-01',5,'Est quo et dolores omnis place','Juniusfort','Kuwait','2007-06-16 13:23:57','2006-02-15 14:25:09'),(44,'7','1972-12-22',8,'Sit sed provident aut. Eos dol','Russelfort','Georgia','1987-08-10 17:04:23','1985-02-03 20:08:23'),(45,'9','1972-04-11',4,'Sapiente cumque illum quod dic','Creolaland','British Virgin Islands','2002-02-03 16:45:48','1998-05-06 01:27:34'),(46,'5','2002-05-22',7,'Dolores veniam harum sint reru','Kosshaven','Vanuatu','2011-01-15 06:28:33','2003-06-19 14:34:50'),(47,'8','2005-10-24',1,'Perferendis ut a eveniet ipsam','South Bessie','Botswana','1993-01-17 12:30:54','1987-02-15 15:48:53'),(48,'9','1970-12-17',5,'Sint sit deleniti fugiat omnis','Maximilianburgh','Guinea-Bissau','1995-10-22 01:21:50','2001-07-23 16:05:11'),(49,'1','1995-03-22',5,'Provident ipsam cum sed. Et fa','Wizafurt','Vanuatu','1988-11-22 09:51:49','1985-06-13 00:24:50'),(50,'6','1991-08-05',4,'Nesciunt et excepturi repudian','Schmelerchester','Iran','1984-03-11 11:50:16','1995-06-22 04:09:28'),(51,'1','2008-09-23',1,'Facilis voluptate et cumque. V','Eliseoberg','Ethiopia','2020-11-07 20:44:40','1975-08-21 17:33:07'),(52,'4','2011-02-02',9,'Laborum corrupti expedita veli','Lake Ellenton','Holy See (Vatican City State)','2005-01-11 17:32:11','1974-03-10 13:12:11'),(53,'4','2010-12-31',8,'Et inventore exercitationem ut','North Joannyland','Germany','2018-04-08 10:01:54','1975-07-03 12:28:44'),(54,'4','1999-04-05',5,'Voluptas consequatur enim debi','New Elliotside','Chile','2018-02-18 03:29:36','2011-10-27 08:59:19'),(55,'8','1975-03-05',9,'Dolore repellat dicta molestia','North Meagan','Cocos (Keeling) Islands','1987-04-19 13:13:45','2018-07-04 19:31:34'),(56,'4','2009-02-24',2,'Deserunt quos aut quo ratione ','Gerlachburgh','Vietnam','1975-12-14 15:28:07','2004-05-14 04:36:04'),(57,'4','1983-09-01',8,'Voluptatem officiis incidunt e','East Tamiamouth','Turks and Caicos Islands','1993-10-14 10:06:21','1996-04-16 22:59:13'),(58,'1','2007-07-09',9,'Vel dolorem quidem cupiditate ','Schillerburgh','Egypt','2002-04-07 10:20:26','1997-03-05 07:54:25'),(59,'1','2001-08-22',2,'Quos quod quia quo ut consecte','Shawnborough','Armenia','2007-03-22 10:01:05','2004-03-09 06:54:27'),(60,'8','1971-04-27',3,'Ex asperiores rerum ut et. Et ','East Junefurt','Serbia','1995-11-28 17:38:08','2017-07-28 17:24:32'),(61,'6','1978-11-21',5,'Officia natus voluptas placeat','New Rachael','Dominican Republic','1974-02-14 14:07:14','1988-10-06 19:39:33'),(62,'4','1994-10-31',3,'Saepe mollitia commodi dolorum','Goyetteberg','Somalia','1993-01-26 23:00:50','2009-02-24 08:15:29'),(63,'5','1984-09-18',2,'Dolore voluptas ad nemo quia e','Jaymemouth','Switzerland','2008-04-21 16:38:54','1971-02-10 08:47:23'),(64,'5','2018-02-25',6,'Nihil esse qui at hic. Ipsum e','Satterfieldland','Cameroon','1972-07-27 18:48:50','1976-05-14 12:52:51'),(65,'7','1992-08-21',7,'Ut voluptatum error animi dolo','Friesenmouth','Svalbard & Jan Mayen Islands','1998-08-18 08:18:46','2002-12-23 23:14:02'),(66,'8','1979-03-06',1,'Illo autem facilis et doloremq','South Laurianne','Ukraine','2006-12-16 02:52:49','1989-03-09 15:58:35'),(67,'8','2019-09-14',8,'Odio blanditiis quis temporibu','Lake Willie','Sierra Leone','2005-07-09 16:15:46','1987-02-18 12:54:51'),(68,'2','1979-02-09',2,'Aliquid quia voluptatem dolori','Fatimatown','Saint Barthelemy','1996-04-05 05:44:19','2002-01-21 11:06:00'),(69,'7','2013-12-31',2,'Nostrum quos magni nesciunt nu','East Beatrice','Russian Federation','1984-01-23 04:19:06','1998-08-16 17:34:35'),(70,'1','2011-12-15',3,'Accusantium sed atque animi do','Kaiafurt','Isle of Man','2007-03-22 04:43:12','2000-10-02 15:53:38'),(71,'','1993-05-07',5,'Voluptates aut est omnis. Ut a','New Richard','Samoa','1974-01-26 09:15:17','1997-08-23 14:06:47'),(72,'6','1993-06-05',1,'Eos praesentium in voluptate d','North Meagan','United States Virgin Islands','1975-01-29 05:12:40','1971-04-13 05:49:06'),(73,'5','1980-11-08',7,'Laudantium quas amet occaecati','North Lenora','Lao People\'s Democratic Republic','1975-09-15 23:41:22','1991-11-04 01:36:01'),(74,'8','2003-07-20',1,'Modi repudiandae nihil eveniet','Ellsworthstad','Liberia','2010-07-21 23:11:40','1982-07-22 20:26:07'),(75,'7','2008-06-04',7,'Perferendis iusto ut qui. Minu','Kutchmouth','South Georgia and the South Sandwich Islands','1974-11-25 00:53:38','1977-04-23 22:36:12'),(76,'','1972-12-23',7,'Quo pariatur accusamus molesti','Port Fritzburgh','Gambia','1977-12-27 08:53:11','1972-07-07 02:07:00'),(77,'9','2016-02-29',9,'Harum pariatur consequatur mod','West Ottisberg','Portugal','1971-11-06 05:50:31','1999-10-04 15:23:37'),(78,'5','1989-12-12',6,'Recusandae nemo esse corporis.','New Isaiah','Ukraine','2007-01-15 13:37:07','2000-07-06 18:09:28'),(79,'5','1972-06-27',2,'Ratione perferendis est non au','Orvalberg','Venezuela','2019-07-27 08:41:53','2020-06-27 03:58:00'),(80,'2','2003-08-23',1,'Voluptas non et quia ut quaera','North Jarrettfurt','Oman','1999-07-19 23:30:09','1991-04-07 11:06:34'),(81,'','2000-02-09',8,'Aspernatur consequatur tempora','South Cameronland','Mali','2012-06-11 18:54:48','2000-04-10 10:53:02'),(82,'9','2011-12-11',8,'Sint doloribus magnam quis non','New Jodie','Angola','2019-08-08 08:09:46','1992-11-21 20:04:04'),(83,'3','1983-11-27',1,'Voluptates voluptatibus tenetu','Port Stewartshire','Rwanda','2005-03-10 11:31:38','1991-04-01 14:41:09'),(84,'5','1974-01-27',6,'Qui ut quos facilis autem omni','Pagacfort','Sierra Leone','2002-02-14 12:55:36','1980-03-13 00:10:52'),(85,'1','1989-09-08',5,'Inventore dolorum amet placeat','Lake Beaulah','Reunion','2011-05-20 19:19:14','2004-01-12 16:45:04'),(86,'6','1985-11-05',1,'Aut voluptas et fuga at soluta','Dachburgh','Zimbabwe','1994-02-11 17:53:26','1984-10-11 05:38:20'),(87,'6','1998-03-13',3,'Quibusdam assumenda maxime vel','Winstonbury','Nigeria','2004-01-17 09:41:46','1971-05-13 09:03:11'),(88,'2','2015-11-10',2,'Rerum sit veniam saepe commodi','South Johanbury','Sudan','2019-03-21 19:35:57','2008-04-14 18:22:00'),(89,'4','2003-12-27',7,'Inventore voluptatem omnis aut','Port Jaeden','Norway','2009-03-02 19:47:13','1996-09-07 15:43:07'),(90,'4','1993-04-18',3,'Consequatur officiis aspernatu','Port Milesview','Saint Lucia','1989-06-05 22:30:26','1997-04-26 23:33:30'),(91,'2','2004-04-12',6,'Aut suscipit saepe mollitia de','Pagacside','British Indian Ocean Territory (Chagos Archipelago)','1983-12-13 18:04:11','1991-06-25 07:20:06'),(92,'','2006-12-09',9,'Quia ut voluptatibus dolores i','Donavonfort','Marshall Islands','1985-07-22 18:13:52','2021-03-04 12:21:07'),(93,'2','1992-11-15',6,'Et qui est laborum quam dolore','Marquardtport','Brunei Darussalam','1998-10-30 05:50:48','2014-10-26 22:34:36'),(94,'8','1989-07-05',9,'Quia aut vitae molestiae nihil','Grimesmouth','Guyana','1974-10-22 06:25:35','2002-10-13 03:53:08'),(95,'5','1994-07-20',8,'Officia cum deserunt et sed. U','New Jovani','Libyan Arab Jamahiriya','2002-12-31 23:55:25','2007-03-11 16:42:53'),(96,'6','1996-06-02',8,'Accusamus atque magnam sunt et','Romaguerachester','Colombia','1992-05-29 13:17:37','2017-11-26 16:07:12'),(97,'2','2010-06-14',5,'Quo eligendi aliquid ad autem ','Port Ginafort','Kuwait','2001-06-27 05:10:16','1988-01-19 01:17:30'),(98,'1','2010-04-09',9,'Adipisci earum modi facilis is','Yadirachester','Tunisia','1984-03-31 02:06:10','2010-12-03 21:01:16'),(99,'4','2011-02-11',1,'Et natus eum perferendis magni','Glovermouth','Monaco','1987-11-24 20:11:23','1983-02-12 15:49:32'),(100,'6','2016-08-09',4,'Est et omnis facilis est archi','Adamshaven','Macao','2007-03-02 00:09:47','2015-07-04 19:42:02');
/*!40000 ALTER TABLE `profiles` ENABLE KEYS */;
UNLOCK TABLES;

--
-- Table structure for table `users`
--

DROP TABLE IF EXISTS `users`;
/*!40101 SET @saved_cs_client     = @@character_set_client */;
/*!50503 SET character_set_client = utf8mb4 */;
CREATE TABLE `users` (
  `id` int unsigned NOT NULL AUTO_INCREMENT COMMENT 'Идентификатор строки',
  `first_name` varchar(100) NOT NULL COMMENT 'Имя пользователя',
  `last_name` varchar(100) NOT NULL COMMENT 'Фамилия пользователя',
  `email` varchar(100) NOT NULL COMMENT 'Почта',
  `phone` varchar(100) NOT NULL COMMENT 'Телефон',
  `created_at` datetime DEFAULT CURRENT_TIMESTAMP COMMENT 'Время создания строки',
  `updated_at` datetime DEFAULT CURRENT_TIMESTAMP ON UPDATE CURRENT_TIMESTAMP COMMENT 'Время обновления строки',
  PRIMARY KEY (`id`),
  UNIQUE KEY `email` (`email`),
  UNIQUE KEY `phone` (`phone`)
) ENGINE=InnoDB AUTO_INCREMENT=101 DEFAULT CHARSET=utf8mb4 COLLATE=utf8mb4_0900_ai_ci COMMENT='Пользователи';
/*!40101 SET character_set_client = @saved_cs_client */;

--
-- Dumping data for table `users`
--

LOCK TABLES `users` WRITE;
/*!40000 ALTER TABLE `users` DISABLE KEYS */;
INSERT INTO `users` VALUES (1,'Natalie','Strosin','batz.eleanora@example.net','(857)192-7859x795','2005-02-16 21:30:43','2001-01-23 03:28:49'),(2,'Guadalupe','Schaefer','qdibbert@example.org','082.920.3194x976','1995-03-02 23:36:50','2012-10-22 08:42:28'),(3,'Theresia','Weimann','cdietrich@example.com','172-179-6085','2003-07-28 02:58:37','1974-03-20 05:46:55'),(4,'Ciara','Bauch','volkman.haleigh@example.com','292.983.9356x72182','2020-03-16 08:10:37','1991-03-21 02:38:52'),(5,'Kacey','Homenick','parmstrong@example.net','+48(6)7506273611','2016-05-31 05:42:29','2001-11-01 01:09:02'),(6,'Reid','Blick','rcole@example.net','1-155-137-3541','2005-01-08 12:37:22','2014-01-19 16:12:59'),(7,'Antonette','Bahringer','karolann20@example.com','1-890-056-4284','2012-07-17 20:42:48','2015-11-23 03:36:10'),(8,'Arlie','Fay','qratke@example.org','770-072-6835','2000-06-03 02:35:21','2016-01-14 18:09:32'),(9,'Josiane','Trantow','raina.lueilwitz@example.net','(573)695-4633x664','1976-07-20 10:33:42','1976-02-20 23:24:22'),(10,'Damaris','Bednar','rwiegand@example.com','1-025-155-9944x38319','2006-12-29 07:31:59','1997-11-21 23:38:21'),(11,'Shaylee','Cole','metz.urban@example.com','02179137246','1977-11-20 15:38:55','1997-12-14 19:06:12'),(12,'Hardy','Reichert','ebert.annetta@example.net','355.119.3038','1992-02-17 04:36:09','2004-10-17 19:51:20'),(13,'Breana','Corwin','wisozk.adolfo@example.com','342.048.3837x071','1979-02-08 09:23:57','1985-12-26 01:37:16'),(14,'Tomas','Spencer','fupton@example.com','1-249-114-1429x993','1992-10-06 04:28:24','1974-03-18 01:34:57'),(15,'Gustave','Hartmann','mwalker@example.org','05740609464','1995-05-22 05:44:14','1996-07-21 16:49:32'),(16,'Lawrence','Dare','glover.guillermo@example.com','929.927.1570x661','1991-02-10 06:08:27','2009-04-27 02:29:37'),(17,'Kenny','Lindgren','eichmann.flo@example.com','(642)961-4228x262','2003-09-12 00:04:31','1976-05-14 19:33:13'),(18,'Dante','Rogahn','beverly.wolf@example.com','825.809.1382','1988-08-08 05:43:38','1992-09-14 08:19:55'),(19,'Peyton','Gulgowski','arvid.dicki@example.org','(835)576-7274','1971-02-01 21:30:36','1983-08-06 23:04:22'),(20,'Franco','Spinka','ghilpert@example.net','776.785.5282x74709','2009-10-11 10:32:39','2011-07-27 19:30:42'),(21,'Ned','Streich','barrows.ibrahim@example.net','1-014-626-3701','1994-09-01 02:29:10','2009-09-22 03:15:23'),(22,'Nolan','Osinski','jeffery.friesen@example.org','00141915941','2008-05-22 12:04:29','1999-03-01 11:23:20'),(23,'Thora','Gibson','nickolas.okuneva@example.net','335.937.6701x369','1993-06-22 12:13:45','1993-12-04 12:28:11'),(24,'Jack','Dicki','wkulas@example.com','(740)464-0077x56992','1982-01-19 08:33:18','2004-12-01 04:22:41'),(25,'Fay','Moen','schowalter.naomi@example.net','791.469.8494x9401','1976-10-08 08:54:25','2016-11-30 19:11:31'),(26,'Adonis','Halvorson','graham.nathen@example.org','09263731988','2017-06-25 01:21:27','2004-12-26 09:22:04'),(27,'Nettie','Eichmann','stroman.delta@example.org','(755)067-8452x3214','1978-04-22 12:25:55','1981-10-20 23:50:17'),(28,'Mackenzie','Bergnaum','mertz.zoey@example.net','012.930.0181','2014-07-10 23:25:24','1987-02-02 20:24:18'),(29,'Enid','White','johnston.jerel@example.net','1-900-425-2112x34624','2013-08-20 17:49:56','2002-06-04 21:22:05'),(30,'Imani','Durgan','rosina.dubuque@example.com','309-471-8766','2014-02-03 07:33:53','1990-10-21 11:53:53'),(31,'Lucas','Borer','jjacobson@example.org','670.535.8420','2013-07-30 13:55:04','1979-06-24 01:16:31'),(32,'Verna','Herman','deborah84@example.net','(859)315-7301','1984-09-06 16:17:04','1997-12-08 20:14:05'),(33,'Kenya','Stark','katrina51@example.org','1-386-779-8429x4693','1972-01-03 03:03:34','1985-01-14 05:54:06'),(34,'Keyon','Purdy','oo\'connell@example.org','972-693-0802x832','2013-12-11 13:50:04','1986-04-23 10:25:30'),(35,'Kenyatta','Bergnaum','aliya.donnelly@example.org','1-456-286-6338','2007-11-30 17:07:09','1973-03-12 04:28:11'),(36,'Winfield','Heaney','kim.senger@example.com','966-903-1721x373','2013-03-05 22:56:22','1974-06-21 08:59:20'),(37,'Max','Kreiger','katrine23@example.org','(089)285-6484','1987-04-16 21:11:00','1995-01-25 21:51:52'),(38,'Rachelle','Sawayn','wilderman.isabelle@example.com','603-879-0713x2843','2003-02-23 06:22:02','2004-09-27 05:58:51'),(39,'Daisha','Kunze','domingo.bergnaum@example.org','161.045.3425','1970-05-26 00:53:20','1972-03-27 11:56:45'),(40,'Manuela','Wilderman','precious.koss@example.org','642-818-4755x319','1977-07-21 18:40:03','1996-03-24 04:40:29'),(41,'Natalie','Walsh','sadye.bartoletti@example.net','469-012-3744x4507','2002-06-14 10:46:22','2017-03-10 19:06:17'),(42,'Jude','O\'Conner','norwood92@example.com','(386)977-9202','2020-04-10 07:39:48','1990-09-05 02:43:09'),(43,'Lewis','Donnelly','harmony15@example.net','(528)016-9681','2011-04-28 02:57:31','1974-07-04 07:20:33'),(44,'Coby','Windler','dsteuber@example.net','03972953860','1982-03-24 06:58:54','1975-12-23 22:45:26'),(45,'Michelle','Marquardt','einar.zieme@example.net','08251927170','2012-05-11 13:02:02','1972-07-04 12:35:19'),(46,'Carlotta','Murphy','william76@example.com','02880034739','1998-08-27 17:11:50','2013-05-06 11:00:12'),(47,'Douglas','King','leonard.okuneva@example.org','(691)472-1426x890','2009-02-05 02:01:38','1980-06-17 07:12:27'),(48,'Yoshiko','Fisher','laisha37@example.com','146-462-8486x1564','1992-10-21 03:00:06','1973-07-11 15:49:24'),(49,'Annabel','Towne','herman.janet@example.net','691-828-8224','1985-06-27 20:12:01','2005-03-01 15:12:34'),(50,'Barbara','Wolff','juanita56@example.com','(435)124-0157x3099','1979-06-12 04:47:42','2017-01-10 03:48:51'),(51,'Rosella','Harvey','robin77@example.org','106-287-8554','2008-02-23 23:14:59','1984-02-08 08:51:36'),(52,'Mateo','Gibson','mccullough.elmo@example.com','823.320.2428','1989-05-05 06:01:08','1987-10-07 21:54:31'),(53,'Hulda','Glover','pmayer@example.net','124.638.3216x85771','1975-06-04 12:15:46','1986-02-10 14:06:21'),(54,'Cristobal','Davis','kobe.wilkinson@example.org','271-345-4603x763','1995-02-14 20:19:10','1980-08-08 10:43:02'),(55,'Jaiden','Mosciski','tillman.boyd@example.net','329-988-3876x843','2020-10-20 10:55:48','1981-06-10 20:49:08'),(56,'Mike','Weimann','eichmann.louvenia@example.com','499-603-2883','1974-06-19 22:17:20','1994-07-10 22:39:46'),(57,'Lyric','Reilly','hal45@example.org','+84(6)3601507150','1992-04-13 03:43:22','2016-07-28 07:42:44'),(58,'Cleta','Jerde','snolan@example.net','818.285.6088x30651','1978-02-10 09:37:01','1991-05-04 11:49:26'),(59,'Taya','Simonis','schimmel.aileen@example.com','402-960-3267x4530','1997-09-25 05:41:14','1978-03-05 10:13:14'),(60,'Kyla','O\'Conner','wolff.brady@example.com','1-268-603-1893x64299','2012-11-17 14:53:15','2006-05-28 00:27:37'),(61,'Kay','Hamill','qbogisich@example.com','1-933-360-6332','1991-08-07 14:58:22','1972-07-29 03:21:32'),(62,'Walker','Becker','wolff.davin@example.com','(728)853-4058x1414','2007-05-02 12:22:08','1988-10-22 16:54:51'),(63,'Lenore','Mraz','mckayla.abshire@example.net','800-968-6561','1997-11-25 20:26:24','2002-12-22 02:00:06'),(64,'Katelynn','Bernier','stracke.logan@example.org','+09(9)7556134697','2009-12-05 15:40:39','1990-09-17 06:42:21'),(65,'Abner','Okuneva','droob@example.org','1-180-845-8639x78883','2009-08-04 16:10:20','2000-08-07 13:40:13'),(66,'Melyna','Veum','emmerich.oda@example.net','912.292.7135','1996-01-25 12:09:48','1984-02-26 07:57:34'),(67,'Adeline','Bauch','benedict24@example.com','887-254-4149x334','1972-11-02 19:27:07','1981-04-29 05:32:53'),(68,'Alana','Quitzon','luz.halvorson@example.net','01767242032','1981-08-13 16:37:54','2002-10-07 02:58:05'),(69,'Elenor','Brekke','romaguera.peter@example.org','1-153-376-7673x243','2017-09-03 13:34:34','1997-11-20 01:39:46'),(70,'Ressie','Swift','fullrich@example.com','(060)763-3162x62909','1981-05-18 21:03:34','1977-07-30 19:40:30'),(71,'Waldo','Brakus','emile23@example.com','1-314-808-2678x9071','2015-11-02 07:46:55','1971-03-29 07:40:53'),(72,'Cale','Marks','whackett@example.com','352.765.9031x56274','1990-08-29 03:49:16','2005-05-03 10:50:21'),(73,'Trystan','Keeling','pete.gutmann@example.org','296-066-7740x802','1974-02-14 09:01:35','2008-04-09 07:18:13'),(74,'Wilburn','Strosin','reichert.soledad@example.org','(045)176-1553','2013-05-02 23:43:08','2019-09-04 17:43:37'),(75,'Delores','Kuhic','angelica83@example.com','495-002-0043','2019-12-28 22:19:22','1977-10-05 02:40:39'),(76,'Roy','Olson','louvenia.jacobson@example.com','1-245-898-7478x2224','1995-12-16 22:30:30','1976-07-06 23:49:29'),(77,'Alf','Macejkovic','antonia49@example.com','(611)111-7282','1991-10-24 07:49:40','1976-01-17 08:09:50'),(78,'Emmalee','Turcotte','jacinto95@example.com','08361651762','2016-02-04 01:50:36','2013-06-25 08:44:03'),(79,'Salvador','Corwin','jacobs.pearline@example.org','803.898.9671','2010-01-19 02:45:06','1999-06-09 01:22:38'),(80,'Hellen','Konopelski','peyton.wyman@example.org','913.747.9737','2006-05-01 16:14:42','2009-12-16 04:55:41'),(81,'Karl','Nicolas','estell.padberg@example.com','09980446260','1991-04-21 16:24:50','2004-02-05 00:07:29'),(82,'Olin','Macejkovic','hills.jeffery@example.org','(872)178-0971x96600','2003-05-15 02:29:44','1997-11-02 07:10:04'),(83,'Laney','Frami','jpacocha@example.org','346-489-6772x0517','1983-08-27 07:15:50','1986-11-01 05:13:59'),(84,'Ollie','Ondricka','wdooley@example.net','00826947904','1991-11-30 05:16:02','2011-09-24 12:18:22'),(85,'Flossie','Leffler','vernie27@example.com','788-007-3051x197','1977-06-11 19:44:59','1980-10-22 17:24:14'),(86,'Coy','Smitham','haley.phoebe@example.org','(171)779-7532x98820','1978-07-02 23:29:43','1979-03-26 13:29:04'),(87,'Alexie','Hane','uheaney@example.net','(836)896-7593x931','1991-07-22 09:21:45','1989-07-15 22:26:03'),(88,'Elsa','Koepp','twiegand@example.org','(827)306-9874x78527','2016-10-20 15:36:29','1977-10-16 12:48:42'),(89,'Philip','Ondricka','gfeeney@example.org','588.996.2710x982','2006-09-02 05:18:05','2008-03-26 01:43:54'),(90,'Marilou','McKenzie','ghirthe@example.org','798-303-9853','1972-09-28 22:52:02','1993-10-03 07:35:56'),(91,'Serena','Gaylord','jmitchell@example.net','+40(2)0995201059','1986-11-24 20:22:46','1992-08-13 04:03:54'),(92,'Vicky','Mosciski','denesik.marianne@example.org','01811706779','1976-01-18 19:57:16','2009-01-05 02:50:38'),(93,'Emmy','White','dessie75@example.net','+08(1)0687866081','1994-07-27 13:04:00','1995-08-09 03:24:20'),(94,'Ansley','Romaguera','brandy.schuppe@example.net','248.961.2645x197','1995-10-23 08:11:32','2001-04-25 19:52:18'),(95,'Sabina','Christiansen','pacocha.maximillian@example.com','09014537521','1988-04-08 08:16:41','2009-05-04 09:28:05'),(96,'Kaitlyn','Wilderman','franco.bartell@example.net','(466)161-1680','1991-07-27 02:51:06','2003-10-16 12:34:34'),(97,'Clifford','Kunze','winifred.franecki@example.net','1-582-913-6682x17673','1981-03-25 14:20:49','1993-03-27 08:50:53'),(98,'Dale','Hilpert','conner.kohler@example.com','581-590-5250x012','1975-07-12 05:37:43','2002-09-04 19:32:09'),(99,'Thurman','Heidenreich','hammes.vivienne@example.com','1-098-930-9400','1980-04-09 08:30:48','1971-11-23 14:18:34'),(100,'Alverta','Labadie','effertz.claudine@example.com','(697)289-1857','1980-07-31 16:43:26','2010-11-01 11:37:27');
/*!40000 ALTER TABLE `users` ENABLE KEYS */;
UNLOCK TABLES;
/*!40103 SET TIME_ZONE=@OLD_TIME_ZONE */;

/*!40101 SET SQL_MODE=@OLD_SQL_MODE */;
/*!40014 SET FOREIGN_KEY_CHECKS=@OLD_FOREIGN_KEY_CHECKS */;
/*!40014 SET UNIQUE_CHECKS=@OLD_UNIQUE_CHECKS */;
/*!40101 SET CHARACTER_SET_CLIENT=@OLD_CHARACTER_SET_CLIENT */;
/*!40101 SET CHARACTER_SET_RESULTS=@OLD_CHARACTER_SET_RESULTS */;
/*!40101 SET COLLATION_CONNECTION=@OLD_COLLATION_CONNECTION */;
/*!40111 SET SQL_NOTES=@OLD_SQL_NOTES */;

-- Dump completed on 2021-03-11 10:32:17
